Reading No;Time;Type;Duration;Units;Sequence;Flags;SAMPLE;LOCATION;INSPECTOR;MISC;NOTE;User Login;Si;Si Error;Ti;Ti Error;Al;Al Error;Fe;Fe Error;Mn;Mn Error;Mg;Mg Error;Ca;Ca Error;K;K Error;P;P Error;S;S Error;V;V Error;Cr;Cr Error;Ni;Ni Error;Cu;Cu Error;Zn;Zn Error;Sr;Sr Error;Rb;Rb Error;Nb;Nb Error;Zr;Zr Error;Y;Y Error;Pb;Pb Error;Th;Th Error;U;U Error;Mo;Mo Error;Se;Se Error;As;As Error;Hg;Hg Error;Au;Au Error;W;W Error;Co;Co Error;Sc;Sc Error;Ba;Ba Error;Cs;Cs Error;Te;Te Error;Sb;Sb Error;Sn;Sn Error;Cd;Cd Error;Ag;Ag Error;Pd;Pd Error;Ce;Ce Error;La;La Error;Bi;Bi Error;Re;Re Error;Ta;Ta Error;Hf;Hf Error;Cl;Cl Error;Bal;Bal Error
2594;27.08.2024 17:12;TestAll Geo;330,08;ppm;Final;;;;;;;Juan-Marco Puerta Schardt;189753,5;932,74;4513,15;57,17;163901,23;1783,6;42464,43;204,89;621,13;39,75;<LOD;1772,96;21521,42;171,38;29815,38;268,71;1798,99;78,52;642,94;145,9;143,59;9,12;208,79;14,57;126,59;16,24;<LOD;13,79;150,88;7,79;203,33;3,11;157,95;3,21;17,39;1,59;107,26;2,72;25,11;1,85;26,98;3,38;5,1;0,7;<LOD;4,89;<LOD;1,5;<LOD;1,92;13,1;2,87;<LOD;30,96;0,37;0,15;<LOD;34,15;<LOD;98,18;30,01;3,47;615,68;20,44;21,53;7,09;455,17;13,5;52,97;5,43;<LOD;0,6;<LOD;5,45;<LOD;3,14;45,54;4,87;279,53;18,83;174,88;15,43;<LOD;46,3;<LOD;1,5;<LOD;1,5;<LOD;1,5;10249,53;76,1;522524,94;3102,9
2593;27.08.2024 17:06;TestAll Geo;269,02;ppm;Final;;;;;;;Juan-Marco Puerta Schardt;188730,33;1212,77;4555,9;56,7;160400,42;2480,23;42727,8;207,23;599,81;39,66;<LOD;2660,03;21418,56;168,11;29834,57;264,2;1631,54;114,41;700,33;144,97;131,39;8,9;203,42;14,23;130,59;16,47;<LOD;13,94;155,46;7,92;207,13;3,16;158,56;3,25;16,43;1,6;105,3;2,74;23,9;1,86;30,27;3,51;5,32;0,72;6,08;3,34;<LOD;1,5;<LOD;1,97;9,85;2,9;<LOD;31,27;0,4;0,15;<LOD;33,68;<LOD;99,49;25,28;3,36;637,29;20,69;33,31;7,19;461,93;13,65;57,73;5,51;<LOD;0,61;<LOD;5,44;<LOD;3,13;45,12;4,91;283,2;18,85;169,61;15,36;<LOD;47,13;<LOD;1,5;<LOD;1,5;<LOD;1,5;10295,31;103,5;527135,44;4080,89
2592;27.08.2024 16:58;TestAll Geo;330,4;ppm;Final;;;;;;;Juan-Marco Puerta Schardt;258997,61;1114,78;3207,01;34,26;82637,59;934,51;13332,06;112,47;262,65;29,05;<LOD;1104,39;4218,05;52,18;5415,4;84,2;2401,63;64,08;<LOD;125,32;80,93;5,03;67,97;13,09;100,69;14,81;<LOD;12,79;<LOD;6,64;108,05;2,26;22;1,51;10,67;1,39;366,39;3,97;11,72;1,25;10,55;2,73;2,32;0,53;<LOD;2,92;<LOD;1,5;<LOD;1,65;<LOD;4,33;<LOD;27,48;0,47;0,14;<LOD;30,28;<LOD;65,43;2,15;1,04;1457,16;23,62;124,79;7,42;567,02;14,06;91,13;5,68;1,6;0,42;<LOD;5,04;<LOD;2,75;55,92;5;274,03;17,58;160,85;14,33;<LOD;31;<LOD;1,5;<LOD;1,5;<LOD;1,5;666,9;21,85;620359,94;2029,47
2591;27.08.2024 16:49;TestAll Geo;330,42;ppm;Final;;;;;;;Juan-Marco Puerta Schardt;271495,88;1121,23;3461,04;37,13;102653,2;1113,1;19969,04;135,29;295,22;29,82;<LOD;1243,03;5133,13;60,33;6792,2;97,15;3073,89;72,76;<LOD;138,4;99,02;5,65;26,63;8,55;105,73;14,85;<LOD;12,68;<LOD;6,8;147,4;2,57;26,71;1,59;13,8;1,42;459,25;4,34;16,4;1,33;12,55;2,77;3,02;0,55;<LOD;3,05;<LOD;1,5;<LOD;1,56;<LOD;4,5;<LOD;28,34;0,24;0,13;<LOD;30,27;<LOD;72,84;2,34;1,2;972,18;21,19;<LOD;9,89;388,87;12,59;38,33;5,13;<LOD;0,57;<LOD;4,96;<LOD;2,69;43,99;4,67;187,27;16,38;121,94;13,59;<LOD;32,84;<LOD;1,5;<LOD;1,5;<LOD;1,5;1006,64;25,27;576446,63;2258,54
2590;27.08.2024 16:41;TestAll Geo;330,32;ppm;Final;;;;;;;Juan-Marco Puerta Schardt;268829,81;1123,56;3615,57;38,96;85206,19;1022,93;17235,31;126,65;231,2;28,07;<LOD;1286,22;4529,53;54,01;5449,52;84,79;2612,08;73,06;<LOD;148,4;102,34;5,91;71,57;15,58;<LOD;27,88;<LOD;12,97;<LOD;6,83;132,87;2,46;22,02;1,51;14,68;1,43;270,11;3,5;13,46;1,27;9,77;2,66;2,72;0,54;<LOD;3;<LOD;1,5;<LOD;1,59;<LOD;4,4;<LOD;28,1;0,23;0,13;<LOD;30,6;<LOD;70,3;1,95;1,08;778,9;21,18;<LOD;10,12;375,71;12,97;32,99;5,28;<LOD;0,58;<LOD;5,23;<LOD;2,97;37,17;4,74;176,07;16,94;96,58;13,9;<LOD;32,51;<LOD;1,5;<LOD;1,5;<LOD;1,5;884,4;26,4;600718,81;2185,6
2589;27.08.2024 16:34;TestAll Geo;330,45;ppm;Final;;;;;;;Juan-Marco Puerta Schardt;287501,19;1323,8;1927,21;34,89;120730,86;1542,03;36002,09;276,74;566,27;59,48;<LOD;1833,7;3408,35;43,94;4272,69;72,19;4441,26;110,93;<LOD;228,53;141,91;7,93;23,92;6,36;60,38;25,58;<LOD;18;14,68;6,8;130,41;3,08;26,89;1,96;16,65;1,77;400,57;5,97;21,12;1,69;8,63;3,6;<LOD;175,71;<LOD;300000;<LOD;1,5;<LOD;2,64;<LOD;6,38;<LOD;39,57;<LOD;300000;<LOD;300000;<LOD;102,4;1,68;0,88;664,2;29,42;<LOD;10,16;142,34;12,99;<LOD;7,97;<LOD;0,59;<LOD;6,9;<LOD;3,94;14,73;4,99;101,8;19,58;61,33;16,33;<LOD;42,64;<LOD;1,5;<LOD;1,5;<LOD;1,5;1468,36;39,3;524940,31;3091,85
2588;27.08.2024 16:26;TestAll Geo;330,26;ppm;Final;;;;;;;Juan-Marco Puerta Schardt;265314,25;1225,64;2059,78;36,38;118368,5;1434,29;28039,71;184,04;832,08;45,72;<LOD;1684,83;3495,35;45,55;4688,97;76,24;4280,46;102,21;108,81;53,81;136,61;7,39;16,23;6,66;118,69;19,02;<LOD;14,71;22,9;5,47;116,48;2,66;26,67;1,82;16,25;1,67;402,26;4,69;19,42;1,58;10,92;3,16;<LOD;161,95;<LOD;3,47;<LOD;1,5;<LOD;2,38;5,33;2,61;<LOD;36,52;<LOD;0,23;<LOD;40,12;<LOD;94,81;<LOD;1,35;61,77;19,68;<LOD;9,94;173,57;12,71;<LOD;7,8;<LOD;0,58;<LOD;6,4;<LOD;3,67;21,25;4,92;101,63;18,56;64,93;15,54;<LOD;39,46;<LOD;1,5;<LOD;1,5;<LOD;1,5;1483,05;36,41;553708;2845,9
2587;27.08.2024 16:08;TestAll Geo;330,11;ppm;Final;;;;;;;Juan-Marco Puerta Schardt;253807,03;1185,93;2163,31;38,08;117651,73;1406,03;27319,25;179,18;866,97;45,64;<LOD;1630,92;3570,11;47,4;4858,38;79,55;4154,22;99,56;<LOD;81,55;126,45;7,35;12,38;6,87;116,69;18,58;<LOD;14,26;22,15;5,36;117,94;2,64;26,7;1,8;16,52;1,65;405,22;4,64;20,93;1,58;9,2;3,03;<LOD;157,66;<LOD;3,41;<LOD;1,5;<LOD;2,18;4,57;2,5;<LOD;35,47;<LOD;0,22;<LOD;39,67;<LOD;93,01;<LOD;1,42;131,82;19,81;<LOD;9,93;199,53;12,76;<LOD;7,81;<LOD;0,58;<LOD;6,17;<LOD;3,59;21,02;4,84;102,23;18,39;69,41;15,44;<LOD;38,44;<LOD;1,5;<LOD;1,5;<LOD;1,5;1469,03;35,62;567074,69;2761,35
2586;27.08.2024 15:56;TestAll Geo;330,48;ppm;Final;;;;;;;Juan-Marco Puerta Schardt;306696,41;1157,32;3566,18;41,97;70552,6;966,95;28090,86;157,64;929,82;40,64;<LOD;1407,15;8787,91;90,25;8546,82;125,65;2592,56;72,59;198,32;84,66;91,64;6,6;35,26;10,47;<LOD;25,71;<LOD;12,33;35,64;4,82;95,14;2,08;61,53;2,03;17,44;1,46;285;3,46;21,16;1,46;11,3;2,69;3,58;0,57;<LOD;3,39;<LOD;1,5;<LOD;1,63;5,5;2,21;<LOD;27,87;0,31;0,13;<LOD;30,08;<LOD;81,9;<LOD;2,65;225,12;17,09;<LOD;9,15;337,19;11,67;22,15;4,76;<LOD;0,52;<LOD;4,97;<LOD;2,79;33,63;4,29;191,56;16,32;131,16;13,59;<LOD;35,35;<LOD;1,5;<LOD;1,5;<LOD;1,5;1617,29;30,13;558751;2201,27
2585;27.08.2024 15:44;TestAll Geo;330,02;ppm;Final;;;;;;;Juan-Marco Puerta Schardt;292486,41;1188,11;3311,32;39,39;63455,28;900,25;23043,05;149,74;830,4;40,76;<LOD;1326,01;7898,28;82,64;7623,86;115,35;2000,39;66,66;191,95;79,51;82,46;6,08;15,51;9,79;<LOD;27,58;<LOD;13,29;36,68;4,99;84,94;2,07;57,18;2,08;16,56;1,51;287,43;3,63;18,84;1,48;6,04;2,64;3,96;0,6;<LOD;3,47;<LOD;1,5;<LOD;1,63;8,26;2,25;<LOD;30,29;0,31;0,14;<LOD;31,04;<LOD;80,43;<LOD;2,43;409,87;17,97;<LOD;9,57;401,22;12,12;40,33;4,92;<LOD;0,54;<LOD;5;<LOD;2,82;34,02;4,31;241,79;16,97;150,63;13,95;<LOD;36,98;<LOD;1,5;<LOD;1,5;<LOD;1,5;1636,13;29,78;588159,38;2136,02
2584;27.08.2024 15:38;TestAll Geo;330,36;ppm;Final;;;;;;;Juan-Marco Puerta Schardt;298487,16;1133,98;3561,99;40,58;75852,18;956,74;23997,22;144,35;682,02;36,15;<LOD;1303,47;8947,46;92,35;9061,4;130,36;1918,07;63,09;240,46;88,28;102,31;6,35;40,83;11,01;<LOD;25,14;<LOD;12,03;39,69;4,76;87,06;1,98;58,89;1,96;15,36;1,4;240,31;3,19;18,17;1,39;9,06;2,57;2,84;0,54;<LOD;3,32;<LOD;1,5;<LOD;1,5;5,59;2,12;<LOD;27,18;0,24;0,13;<LOD;28,23;<LOD;77,49;<LOD;2,7;310,2;16,8;<LOD;8,93;375,98;11,45;31,48;4,64;<LOD;0,51;<LOD;4,65;<LOD;2,61;35,39;4,15;199,92;15,58;126,11;12,88;<LOD;33,72;<LOD;1,5;<LOD;1,5;<LOD;1,5;1822,35;29,47;567685,31;2140,94
2583;27.08.2024 15:28;TestAll Geo;330,49;ppm;Final;;;;;;;Juan-Marco Puerta Schardt;265406,59;1093,79;5150,53;51,47;104883,95;1192,04;36288,29;186,2;2627,09;63,53;<LOD;1386,18;6089,49;80,26;13262,21;154,64;2298;69,17;401,35;96,39;153,19;7,61;49,74;10,78;100,33;15,37;<LOD;13,77;55,42;5,64;146,64;2,62;73,19;2,29;20,88;1,57;379;4,09;25,11;1,62;22,07;3,15;5,01;0,65;<LOD;3,84;<LOD;1,5;<LOD;1,73;11,14;2,67;<LOD;30;0,36;0,14;<LOD;31,73;<LOD;91,32;4,07;1,59;560,21;19,5;<LOD;9,92;395,05;12,65;38,71;5,14;<LOD;0,57;<LOD;5,08;<LOD;2,8;37,6;4,58;215,23;16,95;135,22;13,97;<LOD;40,93;<LOD;1,5;<LOD;1,5;<LOD;1,5;1391,79;28,41;553500,06;2402,2
2582;27.08.2024 15:16;TestAll Geo;330,46;ppm;Final;;;;;;;Juan-Marco Puerta Schardt;246442,66;1021,95;4511,97;47,6;90264,39;1056,52;25824,14;153,2;1955,53;54,09;<LOD;1272,92;6116,73;79,46;11631,52;145,37;2168,13;67,39;412,15;94,94;161,06;7,38;33,28;10,77;<LOD;26,59;<LOD;12,35;37,22;4,84;121,39;2,34;55,37;2;16,65;1,46;251,62;3,35;20,84;1,46;15,28;2,83;4,22;0,6;<LOD;3,4;<LOD;1,5;<LOD;1,56;6,75;2,34;<LOD;28,61;<LOD;0,19;<LOD;29,47;<LOD;80,29;3,19;1,58;627,1;19,01;<LOD;9,57;406,35;12,22;46,7;4,99;<LOD;0,55;<LOD;4,88;<LOD;2,74;31,31;4,29;225,59;16,59;135,15;13,62;<LOD;37,13;<LOD;1,5;<LOD;1,5;<LOD;1,5;1575,01;28,98;600030,25;2200,06
2581;27.08.2024 14:57;TestAll Geo;330,33;ppm;Final;;;;;;;Juan-Marco Puerta Schardt;233275,64;1010,31;4489,48;48,56;90624,96;1078,01;26076,99;155,07;2318,4;58,43;<LOD;1315,58;5694,07;75,88;10581,68;138,07;1913,44;67,41;250,12;87,31;162,4;7,68;32,73;10,46;<LOD;27,14;<LOD;12,53;42,11;5,02;125,33;2,38;56,39;2,02;15,14;1,46;228,06;3,25;21,03;1,47;13,17;2,79;4,09;0,59;<LOD;3,43;<LOD;1,5;<LOD;1,66;8,94;2,36;<LOD;27,47;<LOD;0,19;<LOD;30,38;<LOD;80,56;2,5;1,51;545,12;18,98;<LOD;9,53;371,16;12,19;30,08;4,94;<LOD;0,55;<LOD;5,06;<LOD;2,8;34,53;4,41;184,72;16,6;120,43;13,79;<LOD;36,48;<LOD;1,5;<LOD;1,5;<LOD;1,5;1338,96;28,69;612893,63;2200,44
2580;27.08.2024 14:45;TestAll Geo;330,04;ppm;Final;;;;;;;Juan-Marco Puerta Schardt;323231,34;1139,61;1932,57;36,52;31137,36;984,32;31588,4;176,68;1980,44;57,27;17060,28;1709,46;103270,75;345,09;11854,25;174,64;907,27;72,36;529,79;155,92;72,4;6,81;91,97;21,74;<LOD;27,22;<LOD;12,79;13,93;4,57;703,21;5,61;62,64;2,19;10,39;1,44;131,98;3,38;9,42;1,39;8,6;2,83;1,96;0,57;<LOD;4,33;<LOD;1,5;<LOD;1,88;<LOD;4,57;<LOD;29,92;0,44;0,15;<LOD;32,38;<LOD;90,44;22,98;6,75;535,92;19,85;<LOD;10,19;378,09;12,84;40,79;5,27;<LOD;0,58;<LOD;5,39;<LOD;3,08;37,9;4,69;248,97;18,13;160,08;14,92;<LOD;36,89;<LOD;1,5;<LOD;1,5;<LOD;1,5;1975,29;39,38;461650,59;2774,72
2579;27.08.2024 13:14;TestAll Geo;330,67;ppm;Final;;;;;;;Juan-Marco Puerta Schardt;312195,19;1157,31;1900,06;37,09;28261,06;971,8;28768,44;177,4;1779,1;57,42;15845,98;1767,67;83761,27;287,44;9456,49;152,09;726,08;76,21;293,07;127,55;69,13;7;75,85;22,87;44,37;16,21;<LOD;13,87;<LOD;7,86;648,53;5,67;57,08;2,21;10,57;1,51;117,6;3,42;8,87;1,42;7,27;2,89;1,64;0,58;<LOD;4,45;<LOD;1,5;<LOD;1,94;<LOD;3,45;<LOD;31,88;0,47;0,16;<LOD;36,81;<LOD;76,02;21,99;5,64;598,33;22,25;<LOD;11,5;424,11;14,55;48,38;5,9;<LOD;0,66;<LOD;5,9;<LOD;3,47;37,61;5,2;255,62;19,79;154,53;16,19;<LOD;37,33;<LOD;1,5;<LOD;1,5;<LOD;1,5;2032,61;41,95;482116,81;2840,21
2578;27.08.2024 13:06;TestAll Geo;330,46;ppm;Final;;;;;;;Juan-Marco Puerta Schardt;328312,72;1150,13;1886,33;36,09;31440,85;991,93;30030,78;172,41;1896,31;56,17;18721,84;1739,51;97437,66;329,13;11707,29;173,8;789,16;71,82;546,97;150,72;70,22;6,85;71,47;22,35;<LOD;27,81;<LOD;12,93;12,41;4,52;666,16;5,47;60,71;2,15;8,28;1,41;127,6;3,32;9,98;1,39;9,84;2,84;1,68;0,56;<LOD;4,21;<LOD;1,5;<LOD;1,77;<LOD;4,81;<LOD;30,84;0,44;0,15;<LOD;32,84;<LOD;73,92;27,67;6,47;531,15;20;<LOD;10,29;377,58;12,94;32,69;5,25;<LOD;0,58;<LOD;5,43;<LOD;3,08;42,4;4,81;244,18;18,25;151,96;14,99;<LOD;36,06;<LOD;1,5;<LOD;1,5;<LOD;1,5;1821,99;38,86;458958,44;2807,22
2577;27.08.2024 12:51;TestAll Geo;330,57;ppm;Final;;;;;;;Juan-Marco Puerta Schardt;292400,25;1113,48;1304,43;31,35;22446,59;1009,58;21888,76;157;2009,39;60,46;19602,6;2021,82;114567,42;325,04;8153,63;143,19;1015,07;89,24;1098,8;150,68;67,47;6,69;46,91;23,04;<LOD;24,04;<LOD;14,23;<LOD;7,9;969,26;6,99;44,75;2,11;7,87;1,48;66,34;3,47;6,03;1,36;<LOD;4,44;1,75;0,6;<LOD;4,71;<LOD;1,5;<LOD;2,12;<LOD;3,47;<LOD;32,43;0,37;0,16;<LOD;35,79;<LOD;83,38;24,7;6,36;494,98;22,38;<LOD;11,46;376,14;14,61;38,14;5,99;<LOD;0,66;<LOD;6,04;<LOD;3,56;36;5,32;184,46;19,16;112,58;15,83;<LOD;38,01;<LOD;1,5;<LOD;1,5;<LOD;1,5;9576,51;82,21;462415,94;3071,3
2576;27.08.2024 12:30;TestAll Geo;330,12;ppm;Final;;;;;;;Juan-Marco Puerta Schardt;286863,56;1347,53;189,26;17,99;19525,64;1162,22;28499,52;297,45;2837,28;114,66;<LOD;3760,45;53172,28;152,36;3443,05;69,29;<LOD;172,16;462,51;72,89;66,36;7,11;56,25;25,3;<LOD;47,47;<LOD;23,21;<LOD;11,93;1067,64;12,5;48,91;2,86;8,15;1,98;63,39;5,66;3,91;1,78;<LOD;6,32;<LOD;212,9;<LOD;300000;<LOD;1,5;<LOD;4,05;<LOD;7,24;<LOD;54,04;<LOD;300000;<LOD;300000;<LOD;114,48;9,1;2,98;276,58;30,01;<LOD;15,6;324,28;20,15;12,56;8,16;<LOD;0,92;<LOD;9,25;<LOD;5,7;42,63;7,73;123,67;26,52;60,73;21,87;<LOD;50,86;<LOD;1,5;<LOD;1,5;<LOD;1,5;8046;91,54;488350,25;3740,2
2575;27.08.2024 12:11;TestAll Geo;330,33;ppm;Final;;;;;;;Juan-Marco Puerta Schardt;294110,47;1161,57;446,19;30,87;22663,52;1097,07;23927,78;176,06;2208,87;67,61;17700,89;2239,85;97915,81;270,69;6519,03;117,77;954,19;98,71;807,86;123,28;73,14;7,01;69,79;24,09;<LOD;27,37;<LOD;16,13;11,99;5,29;1022,05;7,69;46,77;2,29;11,5;1,64;66,74;3,79;5,67;1,47;5,89;3,18;1,24;0,63;<LOD;5,1;<LOD;1,5;<LOD;2,56;<LOD;3,77;<LOD;38,12;<LOD;0,25;<LOD;42,06;<LOD;92,43;21,6;5,3;214,91;22,53;<LOD;11,67;281,65;14,96;<LOD;9,21;<LOD;0,68;<LOD;6,86;<LOD;4,06;26,33;5,53;136,12;20,25;88,56;16,89;<LOD;40,37;<LOD;1,5;<LOD;1,5;<LOD;1,5;9289,72;86,01;451763,88;3357,86
2574;27.08.2024 11:55;TestAll Geo;330,02;ppm;Final;;;;;;;Juan-Marco Puerta Schardt;274672,78;1108,2;4931,76;53,74;104417,09;1193,13;51661,51;234,75;763,24;44,67;<LOD;1398,32;8098,75;107,03;18655,25;209,1;1106,22;53,97;262,56;90,47;204,77;8,56;117,36;13,96;96,87;16,67;<LOD;13,74;51,37;6,09;383,33;4,36;72,05;2,48;27,34;1,76;208,28;3,67;29,57;1,78;23,75;3,43;5,79;0,72;12,88;3,11;<LOD;1,5;<LOD;1,98;27,66;3,21;<LOD;29,34;0,38;0,15;<LOD;34,43;<LOD;110,57;3,84;2,09;1854,35;24,64;53,2;7,03;480,25;13,25;61,39;5,33;<LOD;0,59;<LOD;5,02;<LOD;2,8;48,55;4,78;280,63;17,89;171,31;14,61;<LOD;47,32;<LOD;1,5;<LOD;1,5;<LOD;1,5;955;24,29;529514,63;2486,11
2573;27.08.2024 11:43;TestAll Geo;330,19;ppm;Final;;;;;;;Juan-Marco Puerta Schardt;211059,53;1039,06;2287,47;44,01;68578,71;991,82;50156,42;250,13;648,18;46,17;<LOD;1464,16;4064,76;54,52;8292,44;104,73;353,48;58,97;<LOD;163,7;172,96;7,43;39,82;7,46;105,75;19,58;31,07;10,39;54,26;6,81;358,43;4,57;68,85;2,62;23,38;1,85;208,65;3,95;29,97;1,92;24,84;3,76;5,29;0,77;9,2;3,27;<LOD;1,5;<LOD;2,55;23,17;3,43;<LOD;37,12;0,46;0,18;<LOD;40,87;<LOD;107,52;<LOD;1,6;2013,26;31,76;104;9,12;533,49;17,18;80,86;6,93;1,19;0,52;<LOD;6,77;<LOD;3,92;48,24;6,06;307,86;23,43;193,07;19,17;<LOD;49,65;<LOD;1,5;<LOD;1,5;<LOD;1,5;763,26;27,35;637553;2242,39
2572;27.08.2024 11:28;TestAll Geo;330,55;ppm;Final;;;;;;;Juan-Marco Puerta Schardt;245810,75;1051,98;4719,04;52,09;86622,87;1085,07;44180,04;215,2;540,8;39,87;<LOD;1403,94;6152,64;83,53;13660,98;162,25;671,32;54,53;<LOD;145,5;203,07;8,42;89,87;11,44;100,43;16,76;<LOD;14,14;45,61;5,8;332,07;4,04;62,68;2,32;23,64;1,69;204,39;3,57;26,94;1,7;17,84;3,21;5,29;0,69;11,99;2,96;<LOD;1,5;<LOD;1,98;26,75;3,06;<LOD;31,35;0,47;0,16;<LOD;33,94;<LOD;104,5;3,86;1,65;1815,44;25,8;60,27;7,43;482,47;13,97;61,49;5,62;<LOD;0,62;<LOD;5,6;<LOD;3,16;40,3;4,9;306,8;19,78;204,22;16,28;<LOD;43,94;<LOD;1,5;<LOD;1,5;<LOD;1,5;525,15;23,76;586477,56;2316,74
2571;27.08.2024 11:16;TestAll Geo;330,57;ppm;Final;;;;;;;Juan-Marco Puerta Schardt;241779,69;1038,44;4171,78;49,07;100235,83;1215,26;47609,57;228,25;498,83;40,44;<LOD;1502,75;7227,79;88,79;19053,23;183,4;2627,13;74,84;222,9;95,14;189,42;8,15;64,6;10,36;137,38;17,92;<LOD;15,01;39,48;5,84;346,15;4,21;68,67;2,42;20,97;1,69;304,92;4,2;27,5;1,76;19,51;3,34;4,57;0,69;<LOD;4,4;<LOD;1,5;<LOD;2,06;10,93;2,84;<LOD;33,8;0,34;0,16;<LOD;35,08;<LOD;107,96;<LOD;2,52;2513,03;30,31;74,81;8,07;513,36;15,24;73,57;6,14;<LOD;0,68;<LOD;5,84;<LOD;3,3;50,2;5,45;307,34;20,71;190,36;16,92;<LOD;44,17;<LOD;1,5;<LOD;1,5;<LOD;1,5;1479,61;30,02;561281,31;2503,33
2570;27.08.2024 10:52;TestAll Geo;330,01;ppm;Final;;;;;;;Juan-Marco Puerta Schardt;178272;914,59;4594,41;57,46;151531,52;1702,19;42873,39;207,82;630,9;40,23;<LOD;1753,1;20518,58;164,19;29146,76;260,35;1483,57;75,92;476,44;136,78;131,29;9,01;199,51;14,09;125,48;16,48;28,95;8,63;146,78;7,8;202,13;3,13;157,11;3,23;15,77;1,6;105,5;2,73;25,74;1,88;26,21;3,4;5,01;0,71;<LOD;4,9;<LOD;1,5;<LOD;2;11,86;2,86;<LOD;32,25;0,31;0,15;<LOD;34,31;<LOD;99,51;21,33;3,26;662,3;21,19;44,84;7,38;476,1;14;62,88;5,66;<LOD;0,63;<LOD;5,59;<LOD;3,24;42,5;4,96;273,96;19,1;170,65;15,65;<LOD;46,92;<LOD;1,5;<LOD;1,5;<LOD;1,5;9524,73;73,34;547332,13;2985,49
2569;26.08.2024 15:29;TestAll Geo;330,51;ppm;Final;;;;;;;Juan-Marco Puerta Schardt;184944,59;916,55;4581,2;57,32;161108,53;1743,75;43064,68;207,14;635,83;40,12;<LOD;1753,46;21181,72;169,05;29792,35;266,81;1515,5;74,52;550,63;142,17;132,9;9,01;211,1;14,49;124,01;16,31;36,2;8,68;153,11;7,85;199,11;3,09;158,04;3,22;15,77;1,58;109,6;2,75;24,28;1,85;26,02;3,37;5,27;0,71;<LOD;4,91;<LOD;1,5;<LOD;1,88;10,03;2,8;<LOD;31,19;0,41;0,15;<LOD;32,97;<LOD;99,19;27,05;3,4;630,21;20,66;32,63;7,19;460,07;13,64;57,66;5,51;<LOD;0,61;<LOD;5,46;<LOD;3,13;41,46;4,84;277,91;18,85;159,13;15,32;<LOD;46,73;<LOD;1,5;<LOD;1,5;<LOD;1,5;9703,1;72,98;530848,19;3048,44
2568;26.08.2024 15:23;TestAll Geo;330,42;ppm;Final;;;;;;;Juan-Marco Puerta Schardt;233127,22;1075,22;4453,7;51,51;68590,92;1043,68;42755,94;220;490,95;40,36;<LOD;1582,9;7432,49;82,11;13526,36;147,39;2375,06;79,44;<LOD;119,92;150,52;8,09;69,14;9,4;86;17,61;16,19;9,2;38,73;5,89;234,59;3,56;60,23;2,33;21,22;1,71;277,23;4,02;26,07;1,74;20,37;3,38;4,18;0,68;6,82;2,88;<LOD;1,5;<LOD;2,1;17,98;3,04;<LOD;34,62;0,39;0,16;<LOD;36,61;<LOD;106,19;<LOD;2,36;1534,55;27,12;52,98;8,11;468,85;15,24;61,73;6,17;<LOD;0,68;<LOD;6,11;<LOD;3,65;40,26;5,38;315,9;21,59;183,58;17,49;<LOD;43,61;<LOD;1,5;<LOD;1,5;<LOD;1,5;812,74;29,57;609947,31;2334,93
2567;26.08.2024 15:16;TestAll Geo;330,22;ppm;Final;;;;;;;Juan-Marco Puerta Schardt;223525,41;1033,48;4226,95;50,18;79817;1082,26;42580,3;213,85;569,93;40,5;<LOD;1468,07;8071,44;89,25;14073,78;157,15;2315,88;74,74;<LOD;160,59;137,4;7,89;71,49;10,01;78,92;16,95;<LOD;14,53;43,89;5,85;220,19;3,36;61,68;2,31;22,1;1,68;261,76;3,82;24,6;1,68;17,98;3,24;5,03;0,69;7,72;2,82;<LOD;1,5;<LOD;2,06;16,68;2,89;<LOD;33,5;<LOD;0,22;<LOD;35,36;<LOD;92,18;3,16;1,73;1422,73;25,82;48,56;7,84;468,29;14,75;59,48;5,96;<LOD;0,66;<LOD;5,92;<LOD;3,38;39,12;5,19;304,84;20,68;194,22;16,94;<LOD;43,7;<LOD;1,5;<LOD;1,5;<LOD;1,5;671,7;26,94;609597,94;2295,44
2566;26.08.2024 15:04;TestAll Geo;330,55;ppm;Final;;;;;;;Juan-Marco Puerta Schardt;226630,41;962,24;3575,52;42,3;83431,44;973,52;40694,21;201,66;517,97;38,01;<LOD;1194;10293,64;110,13;14378,84;177,37;2355,57;61,32;<LOD;116,97;125,27;6,73;36,26;12,15;<LOD;27,34;<LOD;13,07;46,52;5,57;290,37;3,7;63,36;2,23;20,04;1,6;255,8;3,72;24,37;1,62;18,32;3,12;4,25;0,64;9,53;2,81;<LOD;1,5;<LOD;1,74;14,37;2,72;<LOD;29,19;0,31;0,14;<LOD;31,23;<LOD;98,36;<LOD;3,2;998,29;20,14;17,6;6,45;423,86;12,11;54,95;4,96;<LOD;0,54;<LOD;4,74;<LOD;2,63;40,33;4,36;290,96;16,98;180,93;13,87;<LOD;40,84;<LOD;1,5;<LOD;1,5;<LOD;1,5;475,15;19,81;611366,44;2088,65
2565;26.08.2024 14:40;TestAll Geo;330,57;ppm;Final;;;;;;;Juan-Marco Puerta Schardt;236483,61;988,56;4246,26;50,41;91064,01;1081,01;49510,45;221,29;526,94;38,55;<LOD;1323,96;9840,12;114,69;13731,17;183,55;1546,44;58,78;<LOD;128,64;155,32;8,11;115,79;13,85;<LOD;27,63;<LOD;13,27;39,89;5,53;285,87;3,65;68,61;2,3;22,93;1,63;250,83;3,67;28,62;1,68;16,32;3,05;4,9;0,66;6,24;2,78;<LOD;1,5;<LOD;1,77;16,68;2,73;<LOD;30,22;0,32;0,15;<LOD;31,84;<LOD;104,11;4,21;2,26;997,17;20,76;<LOD;9,73;394,46;12,29;40;4,99;<LOD;0,55;<LOD;4,97;<LOD;2,82;37,57;4,45;260,8;17,41;158,25;14,23;<LOD;42,1;<LOD;1,5;<LOD;1,5;<LOD;1,5;445,03;21,78;586970,13;2246,04
2564;26.08.2024 14:31;TestAll Geo;330,5;ppm;Final;;;;;;;Juan-Marco Puerta Schardt;220277,61;990,71;3559,3;43,31;75663,59;952,05;36175,98;192,2;376,82;35,42;<LOD;1225,51;7839,78;89,38;10543,62;142,21;942,13;53,97;<LOD;127,3;122,28;6,92;44,23;10,61;95,67;16,06;<LOD;13,83;35,33;5,34;235,76;3,38;57,52;2,18;18,56;1,59;229,98;3,57;24,04;1,61;16,84;3,1;4,3;0,65;5,45;2,67;<LOD;1,5;<LOD;1,87;11,44;2,66;<LOD;31,13;0,4;0,15;<LOD;33,36;<LOD;96,59;2,67;1,75;1227,7;22,63;66,45;7,16;501,85;13,57;65,95;5,44;<LOD;0,6;<LOD;5,39;<LOD;2,97;40,45;4,71;329,6;19,22;196,02;15,59;<LOD;40,24;<LOD;1,5;<LOD;1,5;<LOD;1,5;449,18;21,79;634129,88;2054,88
2563;26.08.2024 14:09;TestAll Geo;330,49;ppm;Final;;;;;;;Juan-Marco Puerta Schardt;236567,67;1040,72;3718,83;45,15;80839,8;1016,42;35866,34;191,71;403,35;35,82;<LOD;1305,93;5980,55;75,7;9395,67;129,44;961,31;57,91;<LOD;138,85;132,82;7,31;51,91;9,89;102,07;16,41;<LOD;14,25;32,02;5,29;229,06;3,34;57,37;2,17;19;1,59;187,43;3,32;21,1;1,57;15,34;3,05;3,74;0,63;5,51;2,67;<LOD;1,5;<LOD;1,93;12,83;2,66;<LOD;31,89;0,34;0,15;<LOD;34,28;<LOD;82,2;4,44;1,52;1319,85;24,27;64,64;7,54;482,45;14,19;62;5,71;<LOD;0,63;<LOD;5,69;<LOD;3,25;41,22;4,99;339,91;20,29;216,6;16,56;<LOD;39,97;<LOD;1,5;<LOD;1,5;<LOD;1,5;482,71;23,68;613584,75;2171,73
2562;26.08.2024 13:55;TestAll Geo;330,35;ppm;Final;;;;;;;Juan-Marco Puerta Schardt;235658,52;1050,46;3721,17;46,26;81099,36;1046,38;35814,71;190,65;388,67;35,43;<LOD;1377,59;5997,59;77,98;9323,12;132,79;1013,95;60,2;<LOD;143,34;132,89;7,51;51,55;10,19;110,57;16,47;<LOD;13,85;29,01;5,16;227,4;3,32;56,18;2,15;18,95;1,59;190,87;3,32;22,11;1,57;15,16;3,05;4,11;0,63;<LOD;3,88;<LOD;1,5;<LOD;1,99;11,89;2,63;<LOD;31,58;0,28;0,15;<LOD;34;<LOD;81,86;3,11;1,54;1301,98;24,11;64,87;7,52;468,92;14,05;67,05;5,72;<LOD;0,63;<LOD;5,63;<LOD;3,22;39,75;4,95;338,82;20,19;216,34;16,49;<LOD;39,59;<LOD;1,5;<LOD;1,5;<LOD;1,5;491,18;24,52;614296,06;2219,78
2561;26.08.2024 13:35;TestAll Geo;330,41;ppm;Final;;;;;;;Juan-Marco Puerta Schardt;204114,47;946,7;3647,53;44,65;80664,7;1041,61;43831,67;212,31;767,68;43,09;<LOD;1420,24;16711,86;126,18;11441,21;148,64;4391,77;85,03;144,76;93,35;143,9;7,36;57,8;10,56;87,58;16,4;<LOD;14,07;49,87;5,83;288,38;3,74;56,45;2,19;19,16;1,64;171,06;3,29;46,6;1,91;13,22;3,01;4,66;0,66;6,21;2,73;<LOD;1,5;<LOD;1,93;9,38;2,55;<LOD;29,89;0,39;0,15;<LOD;33,43;<LOD;103,53;4,7;2,47;1166,31;23,2;51,66;7,35;496,23;14,01;62,78;5,61;<LOD;0,62;<LOD;5,61;<LOD;3,14;42,42;4,91;319,49;19,89;195,43;16,2;<LOD;42,14;<LOD;1,5;<LOD;1,5;<LOD;1,5;751,73;24,73;621543,25;2196,39
2560;26.08.2024 12:48;TestAll Geo;330,57;ppm;Final;;;;;;;Juan-Marco Puerta Schardt;211000,14;946,29;3713,98;45;76435,54;979,93;47394,62;218,19;723,59;42,16;<LOD;1313,3;11952,33;112,83;12327,08;159,05;1832,47;62,68;161,28;96,33;132,84;7,25;67,6;11,34;<LOD;28,18;30,78;8,48;45,48;5,71;258,22;3,5;59,36;2,21;21,31;1,62;182,57;3,29;27,84;1,66;16,28;3,05;5,2;0,67;4,57;2,66;<LOD;1,5;<LOD;1,82;7,51;2,54;<LOD;28,68;0,46;0,15;<LOD;32,88;<LOD;103,95;<LOD;3,3;1048,05;21,94;29,5;7,01;447,86;13,22;54,46;5,35;<LOD;0,6;<LOD;5,35;<LOD;3,01;38,12;4,67;320,17;19,07;172,5;15,31;<LOD;42,29;<LOD;1,5;<LOD;1,5;<LOD;1,5;694,18;23,56;625204,06;2097,32
2559;26.08.2024 12:40;TestAll Geo;330,48;ppm;Final;;;;;;;Juan-Marco Puerta Schardt;236500,73;1004,82;3792,78;45,2;87475,23;1044,83;40438,98;200,24;428,34;35,94;<LOD;1291,19;5985,71;88,84;17167,81;189,45;728,5;51,19;<LOD;131,35;101,95;6,93;62,98;12,16;<LOD;27,1;<LOD;13,2;46,42;5,56;251,38;3,44;67,73;2,28;20,78;1,6;270,22;3,74;23,36;1,61;19,46;3,14;4,72;0,66;10,84;2,82;<LOD;1,5;<LOD;1,76;15,2;2,75;<LOD;28,82;0,28;0,14;<LOD;31,48;<LOD;97,76;4,8;1,73;997,42;20,81;<LOD;9,94;429,43;12,55;50,48;5,1;<LOD;0,56;<LOD;4,92;<LOD;2,76;42,57;4,54;267,78;17,24;155,86;14,03;<LOD;42;<LOD;1,5;<LOD;1,5;<LOD;1,5;506,75;22,38;600217,19;2203,41
2558;26.08.2024 12:23;TestAll Geo;330,86;ppm;Final;;;;;;;Juan-Marco Puerta Schardt;217466,14;984,63;3248,46;39,79;68694,04;891,24;34180,85;186,63;501,46;37,29;<LOD;1199,7;6148,32;75,86;10697,43;134,43;1369,36;57,58;<LOD;130,64;114,09;6,41;<LOD;14,09;<LOD;28,97;<LOD;13,61;34,34;5,25;243,22;3,43;53,13;2,12;18,66;1,58;273,51;3,8;21,53;1,56;13,8;3,01;4,37;0,64;7,14;2,68;<LOD;1,5;<LOD;1,85;13;2,63;<LOD;31,19;0,29;0,15;<LOD;32,42;<LOD;94,1;2,53;1,48;1058,6;22,64;49,24;7,32;489,31;13,91;68,46;5,64;<LOD;0,62;<LOD;5,31;<LOD;2,98;42,66;4,9;269,15;18,39;167,41;15,07;<LOD;40,38;<LOD;1,5;<LOD;1,5;<LOD;1,5;575,64;22,24;646798,31;1977,92
2557;26.08.2024 12:17;TestAll Geo;330,4;ppm;Final;;;;;;;Juan-Marco Puerta Schardt;227718,27;953,66;3589,46;42,5;82620,91;959,38;41099;199,82;517,75;37,35;<LOD;1169,27;9754,18;106,77;15020,06;177,52;2286,2;60,49;<LOD;116,35;127,85;6,82;21,31;11,85;<LOD;27,31;<LOD;13,01;42,49;5,42;288,97;3,64;63,1;2,2;21,13;1,58;250,53;3,64;23,47;1,58;17,89;3,05;4,38;0,64;7,72;2,74;<LOD;1,5;<LOD;1,69;14,94;2,69;<LOD;29;0,35;0,14;<LOD;31,53;<LOD;97,45;4,49;2,09;966,55;20,2;<LOD;9,7;441,38;12,32;52,68;4,99;<LOD;0,55;<LOD;4,87;<LOD;2,67;43,73;4,45;283,51;17,21;161,24;13,96;<LOD;40,98;<LOD;1,5;<LOD;1,5;<LOD;1,5;363,58;19,13;611331,06;2055,74
2556;26.08.2024 11:55;TestAll Geo;330,38;ppm;Final;;;;;;;Juan-Marco Puerta Schardt;263283,09;1120,03;3697,31;54,86;85819,02;1175,08;39780,61;209,86;577,83;41,11;<LOD;1631,91;4884,45;73,33;20214,7;179,24;3369,19;87,41;150,25;86,42;121,98;8,18;72,21;9,45;102,19;17,65;31,33;9,42;53,62;6,2;266,38;3,73;44,09;2,08;18,72;1,65;281,54;4,03;22,26;1,62;16,11;3,2;3,64;0,65;<LOD;3,86;<LOD;1,5;<LOD;2,06;8,32;2,69;<LOD;33,45;0,37;0,16;<LOD;37,13;<LOD;90,11;2,23;1,35;966,43;24,57;53,1;8,09;474,85;15,28;64,58;6,19;<LOD;0,68;<LOD;6,23;<LOD;3,56;44,47;5,45;311,7;21,24;208,73;17,48;<LOD;40,54;<LOD;1,5;<LOD;1,5;<LOD;1,5;1084,12;31,24;558216,19;2535,2
2555;26.08.2024 11:49;TestAll Geo;330,38;ppm;Final;;;;;;;Juan-Marco Puerta Schardt;218245,61;1004,08;4476,94;51,48;55384,59;921,92;38954,52;204,18;563,32;39,96;<LOD;1576,52;7002,27;87,78;21091,99;190,6;6573,81;107,19;168,63;93,32;119,78;7,74;62,17;10,06;75;16,54;31,02;9,01;48,95;5,9;267,38;3,68;44,21;2;17,5;1,59;245,53;3,76;22,01;1,57;13,35;3,04;2,4;0,59;<LOD;3,79;<LOD;1,5;<LOD;1,91;9,3;2,59;<LOD;31,91;0,33;0,15;<LOD;34,6;<LOD;100,62;<LOD;2,44;1011,8;23,84;87,92;7,93;520,57;15,01;74,92;6,04;<LOD;0,66;<LOD;5,73;<LOD;3,35;42,12;5,2;320,63;20,51;220,36;16,93;<LOD;37,68;<LOD;1,5;<LOD;1,5;<LOD;1,5;1185,4;30,69;631558,13;2167,7
2554;26.08.2024 11:41;TestAll Geo;330,03;ppm;Final;;;;;;;Juan-Marco Puerta Schardt;232036,02;1007,34;4611,05;51,65;69680,19;972,72;35919,46;191,62;447,97;36,79;<LOD;1429,07;5768,59;83,14;20947,21;193,49;3808,1;82,86;<LOD;137,26;124,3;7,68;49,95;10,37;88,52;16,25;<LOD;14,36;50,33;5,72;269,65;3,61;42,21;1,95;17,44;1,56;269,21;3,81;20,71;1,52;11,95;2,94;3,25;0,6;<LOD;3,7;<LOD;1,5;<LOD;1,84;7,38;2,46;<LOD;31,02;0,37;0,15;<LOD;32,92;<LOD;97;<LOD;2,3;1142,19;23,59;75,1;7,61;492,97;14,31;70,82;5,8;<LOD;0,64;<LOD;5,57;<LOD;3,16;46,71;5,1;331,61;19,74;222,47;16,22;<LOD;38,26;<LOD;1,5;<LOD;1,5;<LOD;1,5;900,93;26,83;612864,75;2178,44
2553;26.08.2024 10:30;TestAll Geo;330,19;ppm;Final;;;;;;;Juan-Marco Puerta Schardt;179570,5;916,41;4622,5;57,21;155528,5;1727,59;42403,26;206,73;615,92;40,17;<LOD;1773,07;20223,75;162,83;29477,31;261,05;1282,38;73,61;503,76;137,8;138,17;9,02;214,24;14,26;126,86;16,48;26,39;8,56;140,57;7,69;192,52;3,06;158,81;3,24;16,69;1,6;107,73;2,74;25,66;1,88;24,63;3,35;4,91;0,7;<LOD;4,93;<LOD;1,5;<LOD;1,92;15,79;2,91;<LOD;31,4;0,41;0,15;<LOD;34,88;<LOD;99,32;22,81;3,25;655,34;20,76;33,7;7,19;448,37;13,55;60,9;5,53;<LOD;0,61;<LOD;5,54;<LOD;3,17;41,36;4,84;296,17;19,15;188,2;15,69;<LOD;46,51;<LOD;1,5;<LOD;1,5;<LOD;1,5;9646,97;73,73;543166,69;3024,82
2552;22.08.2024 17:17;TestAll Geo;330,33;ppm;Final;;;;;;;Juan-Marco Puerta Schardt;187632,47;924,13;4635,77;58,03;165396,16;1782;43188,68;206,98;622,88;39,9;<LOD;1719,53;22071,06;173,86;30148,62;270,89;1658,65;76,8;524,87;143,41;139,92;9,14;226,42;14,8;134,63;16,43;<LOD;13,97;151,57;7,83;203,82;3,12;158,65;3,22;17,87;1,6;107,15;2,73;24;1,84;29,43;3,46;4,91;0,7;5,57;3,31;<LOD;1,5;<LOD;1,95;11,77;2,9;<LOD;31,27;0,35;0,15;<LOD;34,47;<LOD;99,05;27,54;3,49;628,21;20,66;33,4;7,2;463,32;13,66;60,13;5,54;<LOD;0,62;<LOD;5,47;<LOD;3,11;41,93;4,86;266,94;18,7;179,49;15,46;<LOD;46,3;<LOD;1,5;<LOD;1,5;<LOD;1,5;10268,8;75,81;521863,22;3074,64
2551;22.08.2024 17:10;TestAll Geo;330,3;ppm;Final;;;;;;;Juan-Marco Puerta Schardt;308873,34;4858,04;2129,25;43,04;83329,34;2312,53;39652,88;925,09;902,02;80,99;<LOD;2727,23;33157,08;163,41;7074,1;116,3;3576,14;1189,74;11177,1;264,86;160,93;10,95;<LOD;12,62;409,35;40,48;878,58;38,12;87,45;12,38;620,35;15,97;47,64;29,46;39,09;15,67;164,45;59,65;<LOD;22,07;39732,14;812,3;<LOD;3430,53;<LOD;300000;<LOD;1,5;<LOD;18,84;465,72;131,43;<LOD;103,49;<LOD;300000;<LOD;300000;<LOD;135,15;20,46;3,27;465,93;33,95;26,97;12,38;540,73;24,81;181,11;11,46;584,88;3,58;73,7;9,32;30,82;5,99;73,68;9,66;241,52;33,73;117,18;27,14;<LOD;872,83;<LOD;1,5;<LOD;1,5;<LOD;1,5;7630,58;186,84;411871,31;9237,99
2550;22.08.2024 17:03;TestAll Geo;330,74;ppm;Final;;;;;;;Juan-Marco Puerta Schardt;315724,38;6023,54;2041,63;43,94;74406,8;2278,76;30663,43;867,99;583,58;78,58;<LOD;2421,58;27506,91;155,36;8519,96;128,95;4752,82;966,28;8476,94;242,53;142,32;10,23;117,01;27,29;260,02;40,1;1911,41;71,67;105,97;14,58;561,86;17,24;67,5;41,2;34,98;22,37;129,06;83,65;<LOD;28,75;50017,38;1183,3;<LOD;4575,88;<LOD;300000;<LOD;1,5;<LOD;23,45;<LOD;235,84;<LOD;120,27;<LOD;300000;<LOD;300000;<LOD;131,34;19,13;3,12;702,46;35,38;116,52;12,85;662,8;26,26;267,06;12,45;982,02;4,6;59,32;9,52;27,08;6,18;79,12;10,01;172,32;34,67;106,11;28,69;<LOD;1174,18;<LOD;1,5;<LOD;1,5;<LOD;1,5;7493,81;220,93;428899,97;9925,76
2549;22.08.2024 16:55;TestAll Geo;330,66;ppm;Final;;;;;;;Juan-Marco Puerta Schardt;301773,44;4498,33;2358,03;49,26;90706,1;2471,1;44160,26;1020,56;992,03;85,11;<LOD;2935,97;52146,07;220,41;7196,62;129,27;7784,54;1043,33;8900,58;262,15;166,32;11,48;28,87;9,62;301,04;38,93;1031,6;42,28;135,47;14,08;747,91;18,73;55,02;30,97;35,63;16,47;171,86;62,68;<LOD;23,08;41029,89;839,73;<LOD;3609,7;<LOD;300000;<LOD;1,5;<LOD;19,6;391,7;135,89;<LOD;106,47;<LOD;300000;<LOD;300000;<LOD;144,57;22,16;4,37;467,32;32,97;37,21;12,09;563,42;24,43;196,72;11,27;670,73;3,73;43,37;8,74;26,33;5,84;82,53;9,64;217,73;33,1;90,2;26,55;<LOD;920,69;<LOD;1,5;<LOD;1,5;<LOD;1,5;7217,36;173,51;376933,19;9367,27
2548;22.08.2024 16:28;TestAll Geo;330,1;ppm;Final;;;;;;;Juan-Marco Puerta Schardt;206299,94;948,88;6525,35;59,56;97977,88;1123,7;25373,46;158,66;723,72;40,42;<LOD;1317,59;11898,52;112,63;18166,97;185,4;1935,07;65,32;583,07;112,37;318,09;9,24;92,84;12,85;<LOD;27,64;34,1;8,24;88,84;6,33;459,97;4,58;43,32;1,98;30,63;1,74;314,29;4,12;57,64;1,98;27,25;3,37;4,22;0,65;<LOD;4;<LOD;1,5;<LOD;1,69;5,85;2,71;<LOD;29,78;0,33;0,14;<LOD;30,61;<LOD;83,6;3,68;2,22;2232,75;24,86;70,3;6,8;477,62;12,69;63,93;5,12;<LOD;0,56;<LOD;4,88;<LOD;2,74;41,05;4,47;353,63;18,23;219,22;14,81;<LOD;39,41;<LOD;1,5;<LOD;1,5;<LOD;1,5;805,31;24,86;620648,31;2242,33
2547;22.08.2024 15:59;TestAll Geo;330,3;ppm;Final;;;;;;;Juan-Marco Puerta Schardt;207694,52;980,6;6681,78;59,6;96452,66;1144,2;25502,91;162,24;605,57;39,02;<LOD;1384,28;8682,91;86,56;14779,08;150,11;1357,18;65,12;578,89;94,09;344,79;9,24;78,86;10,65;<LOD;28,54;<LOD;14,43;96,9;6,7;474,82;4,75;41,05;1,99;30,87;1,78;337,15;4,32;68,24;2,14;25,69;3,4;4,16;0,66;<LOD;4,06;<LOD;1,5;<LOD;1,86;7,75;2,79;<LOD;30,28;0,41;0,15;<LOD;33,42;<LOD;84,58;4,23;1,72;1729,9;24,28;<LOD;10,1;394,3;12,72;39,39;5,16;<LOD;0,57;<LOD;5,19;<LOD;2,91;30,65;4,49;270;18,38;156,31;14,95;<LOD;40,54;<LOD;1,5;<LOD;1,5;<LOD;1,5;1253,48;29,09;623097;2293,25
2546;22.08.2024 15:39;TestAll Geo;330,5;ppm;Final;;;;;;;Juan-Marco Puerta Schardt;208633,66;953,73;4961,62;47,55;97626,27;1086,32;21357,13;147,64;592,61;38,15;<LOD;1253,27;10946,17;99,25;18884,63;171,98;2122,44;63,82;385,63;94,9;201,79;7,2;60,51;10,82;92,42;15,46;41,93;8,55;87,66;6,39;410,77;4,4;43,31;1,99;29,31;1,75;492,75;4,91;64,66;2,09;26,72;3,41;4,08;0,65;<LOD;3,99;<LOD;1,5;<LOD;1,73;5,57;2,74;<LOD;29,2;0,35;0,15;<LOD;32,32;<LOD;78,72;3,57;1,92;2637,08;26,65;113,85;7,13;531,43;13,31;83,13;5,39;0,83;0,4;<LOD;4,9;<LOD;2,67;51,11;4,73;367,57;18,38;224,24;14,89;<LOD;39,74;<LOD;1,5;<LOD;1,5;<LOD;1,5;1694,31;28,41;623614,94;2201,27
2545;22.08.2024 15:22;TestAll Geo;330,31;ppm;Final;;;;;;;Juan-Marco Puerta Schardt;272442,91;1167,56;5765,9;61,93;102442,91;1323,31;43311,1;212,82;281,91;34,67;<LOD;1683,46;4337,23;77,98;21133,82;201;234,46;63,07;990,26;124,18;142,64;8,81;161,9;12,15;195,99;18,54;54,5;9,66;630,23;14,36;168,95;2,95;138,02;3,28;21,98;1,8;357,6;4,24;37,17;2,23;511,18;10,29;7,31;1,05;6,77;3,29;<LOD;1,5;<LOD;2,2;22,93;8,11;<LOD;34,09;0,53;0,17;<LOD;39,32;160,77;61,6;<LOD;2,16;507,45;20,28;<LOD;10,23;345,33;12,96;29,14;5,31;<LOD;0,58;<LOD;5,61;<LOD;3,12;36,22;4,78;233,43;18,55;126,68;15,07;<LOD;63,47;<LOD;1,5;<LOD;1,5;<LOD;1,5;11175,97;82,32;525409,25;2798,92
2544;22.08.2024 15:14;TestAll Geo;330,32;ppm;Final;;;;;;;Juan-Marco Puerta Schardt;250057,33;1291,99;3091,79;44,36;86272,78;1269,9;41984,95;228,66;274,81;37,6;<LOD;1810,17;2998,59;51,85;13933,27;133;<LOD;100,74;660,86;83,97;114,67;8,02;100,83;8,17;211,42;21,37;69,33;11,53;647,07;15,89;173,98;3,26;132,78;3,52;21,39;1,97;332,56;4,49;36,34;2,44;552,72;11,65;7,17;1,16;6,81;3,56;<LOD;1,5;<LOD;2,79;<LOD;19,01;<LOD;38,21;<LOD;0,27;<LOD;45,39;123,97;66,02;<LOD;1,43;584,62;24,31;<LOD;12,2;372,66;15,51;32,36;6,31;<LOD;0,7;<LOD;6,73;<LOD;3,99;36,4;5,66;205,97;21,35;127,64;17,6;<LOD;69,9;<LOD;1,5;<LOD;1,5;<LOD;1,5;12025,89;94,47;566959,31;2822,24
2543;22.08.2024 15:07;TestAll Geo;330,13;ppm;Final;;;;;;;Juan-Marco Puerta Schardt;225786,45;1217,7;2969,33;43,53;79734,59;1295,53;46042,8;245,21;299,17;39,81;<LOD;1934,03;8114,97;76,05;13259,52;130,71;<LOD;132,26;4165,19;150,77;127,55;8,17;88,46;7,98;221,77;22,34;71,37;12,03;715,94;17,11;212,35;3,66;135,45;3,65;21,19;2,08;302,39;4,48;43,27;2,7;806,53;14,28;7,53;1,33;7,92;3,73;<LOD;1,5;<LOD;3,2;<LOD;23,13;<LOD;40,88;<LOD;0,3;<LOD;49,48;128,43;70,72;<LOD;2,17;619,72;24,9;<LOD;12,41;372,93;15,77;37,53;6,45;<LOD;0,71;<LOD;6,92;<LOD;4,06;38,41;5,79;245,68;22,53;146,89;18,43;<LOD;79,57;<LOD;1,5;<LOD;1,5;<LOD;1,5;15163,47;114,29;577869,5;2904,09
2542;22.08.2024 14:56;TestAll Geo;330,58;ppm;Final;;;;;;;Juan-Marco Puerta Schardt;233430,27;1062,49;3382,86;40,32;103704,3;1256,2;30862,4;177,92;573,59;38,81;<LOD;1493,38;7716,36;82,83;22279,45;176,79;295,69;66,85;3554,16;154,6;92,78;6,14;13,23;8,51;140,81;16,97;<LOD;13,81;178,85;8,33;149,94;2,75;156,85;3,35;16,13;1,67;319,67;3,98;32,03;2,04;158,32;6,1;8,28;0,88;5,23;3,32;<LOD;1,5;<LOD;2,27;<LOD;10,02;<LOD;31,44;0,38;0,16;<LOD;35,62;<LOD;76,8;<LOD;2,28;1309,37;25,12;164,76;8,24;589,92;15,48;101,8;6,27;2,81;0,47;<LOD;5,72;<LOD;3,15;61,72;5,54;384,05;20,59;239,97;16,71;<LOD;54,65;<LOD;1,5;<LOD;1,5;<LOD;1,5;11881,35;82,84;568107,06;2578,94
2541;22.08.2024 14:47;TestAll Geo;330,03;ppm;Final;;;;;;;Juan-Marco Puerta Schardt;227743,88;1034,22;3884,15;45,42;108272,86;1271,12;35804,75;193,66;659,99;41,08;<LOD;1445,62;6362,06;88,33;23356,92;205,84;663,66;62,02;1703,66;140,55;111,94;6,93;50,91;11,07;110,69;16,42;<LOD;13,48;175,85;8,38;141,91;2,71;147,79;3,3;16,95;1,7;306,18;3,95;35,27;2,08;155,15;6,1;8,47;0,89;6,67;3,32;<LOD;1,5;<LOD;2,1;12,95;4,85;<LOD;32,12;0,32;0,16;<LOD;34,14;<LOD;96,31;<LOD;2,42;973,77;21,41;77,57;7,12;485,9;13,34;65,1;5,38;<LOD;0,6;<LOD;5,22;<LOD;2,89;40,05;4,66;354,08;18,79;213,3;15,21;<LOD;55,35;<LOD;1,5;<LOD;1,5;<LOD;1,5;18410,39;112,25;564688,69;2583,45
2540;22.08.2024 14:33;TestAll Geo;330,14;ppm;Final;;;;;;;Juan-Marco Puerta Schardt;216493,25;1111,77;2892,93;46,63;92551,41;1215,59;34049,68;192,49;513,64;38,99;<LOD;1554,47;5303,69;69,97;16426,09;154,37;198,73;65,24;1016,48;102,73;96,04;6,97;38,75;8,61;95,68;17,23;<LOD;14,42;174,45;8,55;127,08;2,63;137,45;3,24;17,17;1,72;335,9;4,16;36,67;2,1;151,26;6,15;8,01;0,89;5,97;3,29;<LOD;1,5;<LOD;2,3;9,93;4,86;<LOD;32,49;0,34;0,16;<LOD;36,89;<LOD;83,02;<LOD;1,95;865,12;23,53;48,9;7,88;467,25;14,85;64,8;6,04;<LOD;0,67;<LOD;5,97;<LOD;3,5;43,58;5,3;324,61;20,83;205,92;17,02;<LOD;54,92;<LOD;1,5;<LOD;1,5;<LOD;1,5;13238,84;95,22;599819,63;2527,41
2539;22.08.2024 14:23;TestAll Geo;330,5;ppm;Final;;;;;;;Juan-Marco Puerta Schardt;227928,38;1183,69;2551,3;39,05;72034,34;1210,98;37693,84;217,41;295;37,47;<LOD;1868,14;6939,36;68,92;12522,88;123,72;<LOD;142,73;4109,8;145,01;104,51;7,43;30,95;7,11;148,47;20,32;20,1;10,41;225,47;10,26;136,26;2,92;119,11;3,34;18,58;1,87;359,98;4,61;29,75;2,22;321,07;9,08;5,54;0,99;7,01;3,44;<LOD;1,5;<LOD;2,54;<LOD;14,91;<LOD;38,38;<LOD;0,26;<LOD;43,97;<LOD;93,69;<LOD;1,93;500,66;23,82;<LOD;12,13;365,2;15,43;24,98;6,23;<LOD;0,7;<LOD;6,73;<LOD;3,98;33,09;5,58;230,95;21,67;124,28;17,59;<LOD;59,96;<LOD;1,5;<LOD;1,5;<LOD;1,5;19469,2;132,65;589631,56;2723,49
2538;22.08.2024 14:12;TestAll Geo;330,17;ppm;Final;;;;;;;Juan-Marco Puerta Schardt;253436,03;1140,92;4021,76;46,08;79201,47;1064,59;30494,52;180,44;343,77;35,15;<LOD;1454,83;2684,63;55,93;15644,79;153,7;<LOD;81,89;781,12;97,55;96,94;6,69;41,86;8,98;152,72;17,52;<LOD;14,79;137,44;7,78;105,77;2,4;102,22;2,89;15,69;1,67;272,11;3,77;23,11;1,9;266,19;7,7;6,41;0,9;6,12;2,99;<LOD;1,5;<LOD;2,18;<LOD;12,41;<LOD;33,05;0,57;0,17;<LOD;37,4;<LOD;78,07;<LOD;1,53;1225,9;24,67;173,89;8,23;593,07;15,44;99,31;6,22;2,35;0,46;<LOD;5,79;<LOD;3,27;54,11;5,39;383,68;20,92;234,25;16,94;<LOD;53,83;<LOD;1,5;<LOD;1,5;<LOD;1,5;13639,1;92,63;586649,13;2405,79
2537;22.08.2024 13:53;TestAll Geo;330,22;ppm;Final;;;;;;;Juan-Marco Puerta Schardt;238053,61;1134,17;3026,17;46,14;73276,89;1046,65;27069,92;171,67;324,25;34,82;<LOD;1496,1;2945,54;54,72;14094,15;141,53;<LOD;90,8;937,32;96,64;97,2;6,97;37,16;8,31;156,32;17,95;<LOD;15,19;149,66;8;95,32;2,32;96,51;2,82;14;1,65;290,76;3,89;24,11;1,9;245,53;7,49;5,08;0,86;5,78;2,95;<LOD;1,5;<LOD;2,2;<LOD;12,11;<LOD;32,68;0,4;0,16;<LOD;35,91;106,63;49,91;<LOD;1,49;1199,57;25,3;163,92;8,44;577,23;15,8;101,1;6,42;1,78;0,47;<LOD;6,07;<LOD;3,42;43,1;5,36;400,87;22,05;244,53;17,83;<LOD;51,45;<LOD;1,5;<LOD;1,5;<LOD;1,5;12975,38;90,91;610558,88;2365,14
2536;22.08.2024 13:35;TestAll Geo;330,45;ppm;Final;;;;;;;Juan-Marco Puerta Schardt;209251,84;1133,28;2883,4;44,39;64991,36;1120,56;38515,89;218,54;292,52;37,3;<LOD;1839,61;7528,56;76,45;15654,07;144,41;<LOD;123,15;2381,46;125,93;121,28;8,08;87,06;8,35;173,32;20,53;<LOD;15,17;555,49;14,78;131,41;2,86;131,2;3,47;22,38;1,96;263,72;4,05;32,2;2,37;569,15;11,77;6,59;1,15;<LOD;5,19;<LOD;1,5;<LOD;2,7;<LOD;19,01;<LOD;37,73;<LOD;0,27;<LOD;44,82;<LOD;94,19;<LOD;2,14;395,7;22,61;<LOD;11,58;346,99;14,86;20,51;6,01;<LOD;0,67;<LOD;6,54;<LOD;3,86;38,06;5,52;166,28;20,6;100,18;17,04;<LOD;68,48;<LOD;1,5;<LOD;1,5;<LOD;1,5;10581,01;86,52;621272,88;2600,42
2535;22.08.2024 13:21;TestAll Geo;330,27;ppm;Final;;;;;;;Juan-Marco Puerta Schardt;227766,59;1163,61;3138,32;49,87;80627,95;1267,46;38210,72;213,66;371,72;38,62;<LOD;1851,52;8528,02;86,38;17148,37;160,48;370,51;90,28;4493,28;171,83;130,7;8,19;102,32;9,31;184,28;20,09;31,57;10,19;583,08;14,81;152,25;3;134,49;3,45;19,36;1,9;287,86;4,14;34,28;2,37;567,96;11,54;6,87;1,14;<LOD;5,15;<LOD;1,5;<LOD;2,62;<LOD;18,7;<LOD;37,03;0,38;0,18;<LOD;43,42;154,52;61,98;<LOD;2,41;753,05;23,54;<LOD;11,64;389,89;14,61;37,2;5,93;<LOD;0,66;<LOD;6,4;<LOD;3,7;35,32;5,25;306,24;21,84;185,11;17,76;<LOD;68,15;<LOD;1,5;<LOD;1,5;<LOD;1,5;19448,6;131,86;575700,31;2793,8
2534;22.08.2024 13:14;TestAll Geo;330,35;ppm;Final;;;;;;;Juan-Marco Puerta Schardt;209550,33;1118,55;2638,61;43,55;71551,32;1244,55;35226,99;207,84;397,56;39,39;<LOD;1960,01;10208,08;87,32;15214,99;143,57;240,79;103;6336,4;186,28;116,59;7,72;87,53;8,38;180,23;20,42;18,64;10,11;553,1;14,62;146,25;2,98;127,45;3,43;19,11;1,91;284,17;4,16;34,04;2,36;520,09;11,22;6,85;1,12;8,45;3,5;<LOD;1,5;<LOD;2,81;<LOD;18,11;<LOD;37,68;0,36;0,19;<LOD;43,1;186,52;60,62;<LOD;2,47;909,91;25,32;23,51;8,29;440,19;15,64;50,08;6,31;<LOD;0,7;<LOD;6,62;<LOD;3,78;35,51;5,49;310,73;22,61;178,66;18,3;<LOD;67,11;<LOD;1,5;<LOD;1,5;<LOD;1,5;29375,37;184,28;591132,19;2801,87
2533;22.08.2024 12:52;TestAll Geo;330,03;ppm;Final;;;;;;;Juan-Marco Puerta Schardt;256450,34;1075,23;4593,99;54,51;79567,34;1094,26;58895,92;248,25;305,48;36,54;<LOD;1535,46;5730,22;85,89;12330,44;165,41;<LOD;80,81;939,57;126,28;121,43;8,35;93,37;11,97;<LOD;29,89;<LOD;13,94;73,14;6,67;184,91;3,07;94,82;2,7;19,95;1,67;376,48;4,33;23,63;1,75;35,11;3,71;6,68;0,76;<LOD;4,35;<LOD;1,5;<LOD;2,01;10,65;3,08;<LOD;31,1;0,24;0,15;<LOD;35,1;<LOD;112,2;<LOD;2,5;612,13;21,47;<LOD;10,8;404,18;13,84;39,09;5,6;<LOD;0,62;<LOD;5,59;<LOD;3,2;34,34;4,93;208,53;18,4;128,93;15,16;<LOD;48,33;<LOD;1,5;<LOD;1,5;<LOD;1,5;4842,12;47,47;569486,19;2392,45
2532;22.08.2024 12:46;TestAll Geo;330,08;ppm;Final;;;;;;;Juan-Marco Puerta Schardt;262936,53;1066,89;4680,67;55,89;81798,7;1103,34;57977,36;244,87;313,84;36,4;<LOD;1513,44;6476,44;96,32;13905,4;184,52;<LOD;80,59;1106,97;141,62;114,22;8,51;104,24;13,13;98,45;16,77;<LOD;13,83;65,87;6,44;187,66;3,07;95,24;2,66;20,07;1,64;354,28;4,2;23,77;1,73;32,88;3,62;5,44;0,71;<LOD;4,25;<LOD;1,5;<LOD;1,94;11,7;3,03;<LOD;30,9;0,44;0,15;<LOD;34,19;<LOD;110,75;<LOD;2,79;704,26;20,97;<LOD;10,48;401,8;13,24;39,98;5,36;<LOD;0,6;<LOD;5,41;<LOD;3,1;38,18;4,78;259,75;18,47;146,1;15;<LOD;45,95;<LOD;1,5;<LOD;1,5;<LOD;1,5;5209,65;48,8;559739,75;2403,11
2531;22.08.2024 12:14;TestAll Geo;330,08;ppm;Final;;;;;;;Juan-Marco Puerta Schardt;249569,44;1046,25;4337,27;51,83;76122,82;1024,65;57949,74;248,77;307,54;37,07;<LOD;1440,64;6261,79;91,41;13163,61;173,94;<LOD;73,9;1174,64;137,28;110,67;7,94;89,88;12,41;100,09;17,07;<LOD;13,78;73,64;6,71;203,82;3,24;94,78;2,7;17,79;1,65;359,42;4,31;23,54;1,76;32,13;3,68;5,48;0,73;<LOD;4,4;<LOD;1,5;<LOD;2,1;12,56;3,09;<LOD;31,73;0,34;0,16;<LOD;34,63;<LOD;112,56;<LOD;2,66;896,37;21,89;<LOD;10,68;434,68;13,51;46,13;5,44;<LOD;0,61;<LOD;5,44;<LOD;3,05;42,96;4,88;280,38;18,84;183,32;15,49;<LOD;47,13;<LOD;1,5;<LOD;1,5;<LOD;1,5;4573,27;44,23;580852,19;2289,32
2530;22.08.2024 11:20;TestAll Geo;330,34;ppm;Final;;;;;;;Juan-Marco Puerta Schardt;182476,33;913,72;4677,2;57,91;157361,5;1721,83;43518,5;209,57;636,86;40,59;<LOD;1719,67;21616;169,48;29890,19;265,52;1661,36;76,23;567,89;141,9;130,97;9,04;211,65;14,37;135,12;16,61;30,28;8,67;156,8;8,01;200,73;3,12;158,4;3,25;16,97;1,61;109,31;2,76;24,07;1,86;29,49;3,49;5,32;0,72;<LOD;4,95;<LOD;1,5;<LOD;1,94;12,27;2,93;<LOD;31,86;0,3;0,15;<LOD;35,16;<LOD;99,91;23,44;3,38;642,1;20,94;34,48;7,28;473,56;13,88;64,92;5,64;<LOD;0,63;<LOD;5,55;<LOD;3,16;47,77;5;269,49;18,89;167,57;15,49;<LOD;47,36;<LOD;1,5;<LOD;1,5;<LOD;1,5;9860,18;73,9;535140,13;3009,31
2529;20.08.2024 17:21;TestAll Geo;330,87;ppm;Final;;;;;;;Juan-Marco Puerta Schardt;183962,16;923,71;4580,03;57,28;160734,58;1767,6;43065,59;207,72;629,95;40,07;<LOD;1774,67;21723,61;169,35;29469,35;263,17;1658,1;77,61;584,65;141,61;129,66;8,96;202,93;14,2;123,97;16,38;28,58;8,58;152,28;7,88;204,92;3,14;161,12;3,26;15,7;1,59;105,68;2,73;24,46;1,87;26,91;3,4;5,24;0,71;<LOD;4,93;<LOD;1,5;<LOD;1,9;12,43;2,87;<LOD;30,43;0,43;0,15;<LOD;34,29;<LOD;99,28;26,98;3,4;637,22;20,95;30,12;7,27;457,25;13,79;61,11;5,61;<LOD;0,62;<LOD;5,47;<LOD;3,13;39,16;4,87;254,32;18,65;181,65;15,52;<LOD;47,13;<LOD;1,5;<LOD;1,5;<LOD;1,5;10135,47;75,88;530535,81;3078,1
2528;20.08.2024 17:13;TestAll Geo;330;ppm;Final;;;;;;;Juan-Marco Puerta Schardt;255911,41;1186,49;4999,26;53,37;91905,29;1254,52;36358,5;198,02;400,41;37,23;<LOD;1643,52;8558,95;98,25;21077,04;196,78;768,77;75,29;3540,92;178,25;109,24;7,37;179,9;12,41;214,3;18,58;37,64;9,18;688,42;15,12;161,43;2,93;117,33;3,11;24,51;1,89;330,51;4,16;40,38;2,35;725,83;12,32;7,89;1,17;6,98;3,2;<LOD;1,5;<LOD;2,35;<LOD;19,64;<LOD;34,7;0,36;0,18;<LOD;40,08;178,11;57,65;<LOD;2,76;976,04;21,41;62,67;7,06;479,52;13,29;58,42;5,33;<LOD;0,59;<LOD;5,27;<LOD;2,92;44,35;4,72;329,47;18,92;203,11;15,39;<LOD;68,59;<LOD;1,5;<LOD;1,5;<LOD;1,5;25784,81;157,18;541756;2738,16
2527;20.08.2024 16:34;TestAll Geo;330,23;ppm;Final;;;;;;;Juan-Marco Puerta Schardt;261761,81;1155,51;5412,72;57,52;94525,54;1300,97;37204,51;195,38;295,25;34,15;<LOD;1720,32;6373,07;83,66;19324,15;182,14;153,06;71,4;2293,36;145,98;119,76;8,04;171,45;11,49;227,76;18,56;37,14;9,21;692,06;14,8;147,21;2,74;118,91;3,04;21,73;1,8;315,8;3,97;37,72;2,25;688,9;11,73;7,21;1,11;5,05;3,08;<LOD;1,5;<LOD;2,45;<LOD;18,76;<LOD;33,37;0,33;0,17;<LOD;39,8;95,34;56,36;2,53;1,58;519,91;20,24;<LOD;10,33;355,53;12,97;30,41;5,3;<LOD;0,59;<LOD;5,53;<LOD;3,13;34,54;4,73;253,42;18,63;158,69;15,28;<LOD;65,53;<LOD;1,5;<LOD;1,5;<LOD;1,5;23828,52;145,6;535278,5;2794,28
2526;20.08.2024 16:18;TestAll Geo;330,45;ppm;Final;;;;;;;Juan-Marco Puerta Schardt;255163,09;1142,37;4914,31;52,57;92800,39;1289,27;32827,13;178,24;326,41;33,36;<LOD;1753,48;7968,49;91,63;19469,02;183,3;1552,04;85,67;3116,7;163,3;119,02;7,5;162,36;11,64;227,39;17,65;27,84;8,55;605,38;13,48;142,68;2,62;108,24;2,83;19,66;1,72;263,09;3,58;36,36;2,13;628,56;10,89;7,57;1,05;6,06;2,93;<LOD;1,5;<LOD;2,16;<LOD;17,35;<LOD;31,5;0,36;0,16;<LOD;37,62;<LOD;90,06;<LOD;2,57;670,16;20,34;<LOD;10,32;413,26;12,99;38,7;5,23;<LOD;0,58;<LOD;5,39;<LOD;3,01;36,55;4,64;274,22;18,35;156,01;14,88;<LOD;61,87;<LOD;1,5;<LOD;1,5;<LOD;1,5;34342,54;192,49;535626,94;2759,19
2525;20.08.2024 16:01;TestAll Geo;330,3;ppm;Final;;;;;;;Juan-Marco Puerta Schardt;270601,91;1170,99;7302,65;68,7;117845,17;1430,71;26411,43;167,12;551,16;39,18;<LOD;1653,57;36932,89;201,3;23015;221,69;1267,08;64,83;<LOD;175,23;377,44;10,63;235,75;15,01;121,29;16,46;364,79;14,3;22,94;5,21;328,58;4,03;65,82;2,43;30,12;1,9;322,67;4,2;88,37;2,61;483,71;10,03;4,16;0,96;<LOD;4,19;<LOD;1,5;<LOD;1,99;22,92;7,92;<LOD;32,13;0,28;0,16;<LOD;34,17;<LOD;86,65;16,4;3,98;1064,65;20,51;37,34;6,56;452,28;12,34;53,09;4,97;<LOD;0,55;<LOD;5,01;<LOD;2,78;35,98;4,31;424,82;19,01;234,79;15,09;<LOD;55,43;<LOD;1,5;<LOD;1,5;<LOD;1,5;1716,87;33,16;506584,5;2862,89
2524;20.08.2024 15:52;TestAll Geo;330,33;ppm;Final;;;;;;;Juan-Marco Puerta Schardt;277140,03;1153,33;7121,54;66,59;110997,35;1383,2;24811,51;157,94;470,8;36,17;<LOD;1690,19;44874,19;218,21;17681,03;199,56;2137,99;73,3;<LOD;179,77;304,21;9,81;102,84;13,44;102,63;15,77;316,29;13,26;30,86;5,23;378,62;4,2;60,35;2,32;28,57;1,84;415,29;4,55;87,02;2,51;459,18;9,56;5,72;0,95;4,65;2,82;<LOD;1,5;<LOD;2;<LOD;15,16;<LOD;30,61;0,26;0,16;<LOD;33,09;<LOD;82,5;16,19;4,31;967,96;19,92;14,71;6,41;431,85;12,09;52,5;4,91;<LOD;0,55;<LOD;4,97;<LOD;2,78;40,44;4,33;366,25;18,22;215,01;14,67;<LOD;55,02;<LOD;1,5;<LOD;1,5;<LOD;1,5;2049,52;34,71;503604,25;2823,38
2523;20.08.2024 15:42;TestAll Geo;330,4;ppm;Final;;;;;;;Juan-Marco Puerta Schardt;261943,7;1152,02;7129,92;68,13;99123,63;1325,48;27064,98;168,35;491;37,37;<LOD;1730,38;47658,56;222,08;17506,56;193,5;1708,08;71,94;<LOD;189,57;314,07;10,1;102,51;13,16;<LOD;27,83;281,95;13,07;74,73;6,44;457,42;4,7;64,51;2,43;30,97;1,92;328,2;4,31;88,26;2,62;562,14;10,73;5,06;1,01;<LOD;4,4;<LOD;1,5;<LOD;2,09;<LOD;16,6;<LOD;30,87;0,35;0,17;<LOD;33,58;<LOD;86,33;19,48;4,4;920,3;20,38;<LOD;9,83;423,29;12,42;50,78;5,06;<LOD;0,56;<LOD;5,08;<LOD;2,9;36,34;4,4;346,56;18,45;197,34;14,83;<LOD;58,71;<LOD;1,5;<LOD;1,5;<LOD;1,5;1505,58;32,85;525702,06;2774,7
2522;20.08.2024 15:30;TestAll Geo;330,3;ppm;Final;;;;;;;Juan-Marco Puerta Schardt;223850,8;1266,99;3839,13;65,44;74675,41;1214,23;22705,81;155,78;313,31;33,36;<LOD;1849,75;38315,02;168,59;12592,29;141,25;2847,96;354,72;467,3;98,55;337,11;10,33;54,5;9,66;44,17;16,27;176,03;11,92;22,84;5,14;420,5;4,56;63,21;2,46;23,05;2,08;302,71;4,23;124,84;3,29;1549,4;17,62;9,53;1,49;<LOD;4,4;<LOD;1,5;<LOD;2,64;<LOD;24,86;<LOD;31,99;0,31;0,18;<LOD;35,11;<LOD;67,42;17,06;3,35;343,97;20,22;<LOD;10,01;270,75;12,84;<LOD;7,94;<LOD;0,61;<LOD;5,65;<LOD;3,38;33,15;4,89;174,48;18,03;107,27;14,88;<LOD;83,31;<LOD;1,5;<LOD;1,5;<LOD;1,5;2123,51;43,19;575758,69;3034,3
2521;20.08.2024 15:21;TestAll Geo;330,08;ppm;Final;;;;;;;Juan-Marco Puerta Schardt;257224,14;1696,79;6562,09;74,6;108194,21;1526,14;27554,28;188,19;335,54;42,25;<LOD;1739,57;42157,45;224,13;24249,37;237,58;4033,62;486,77;4105,65;220,46;251,69;9,77;85,09;13,88;<LOD;30,18;9475,79;67,32;578,31;17,8;382,12;4,8;73,99;3;25,06;2,91;308,3;4,71;84,26;4,37;5564,81;36,11;11,16;2,78;<LOD;5,05;<LOD;1,5;<LOD;4,47;<LOD;53,92;<LOD;40,23;<LOD;0,47;<LOD;50,5;<LOD;84,96;15,42;4,4;1099,52;21,64;<LOD;10,11;434,56;12,78;52,33;5,18;2,26;0,41;<LOD;5,31;<LOD;3,04;37,89;4,52;351,12;19,49;199,02;15,64;<LOD;157,61;<LOD;1,5;<LOD;1,5;<LOD;1,5;1753,11;39,67;504694,41;3911,37
2520;20.08.2024 15:07;TestAll Geo;330,87;ppm;Final;;;;;;;Juan-Marco Puerta Schardt;276876,84;1415,72;6510,48;66,8;119482,26;1494,05;26618,6;167,96;447,35;36,89;3142,5;1147,5;42188,39;219,88;23507,2;229,91;2676,45;368,59;1391,74;159,99;237,77;9,36;107,1;13,91;117,97;16,53;317,47;13,73;828;16,29;309,6;3,93;68,08;2,51;26,83;2,09;314,46;4,18;86,93;3,04;1753,78;18,67;8,32;1,54;<LOD;4,31;<LOD;1,5;<LOD;2,65;<LOD;29,15;<LOD;33,78;0,41;0,2;<LOD;38,8;<LOD;84,72;9,66;4,28;1083,21;20,2;<LOD;9,42;410,99;11,84;40,71;4,78;<LOD;0,53;<LOD;4,96;<LOD;2,72;36,18;4,21;332,32;17,95;194,42;14,5;<LOD;86,64;<LOD;1,5;<LOD;1,5;<LOD;1,5;1373,43;33,87;485460,63;3364,68
2519;20.08.2024 14:54;TestAll Geo;330,34;ppm;Final;;;;;;;Juan-Marco Puerta Schardt;241781,67;1406,02;6657,13;67,93;100775,46;1299,78;27077,94;169,27;521,66;38,34;<LOD;1518,4;26427,45;169,86;19722,53;203,67;2816,73;367,01;1658,5;153,46;276,39;9,44;115,63;13,53;109,15;16,47;193,07;11,86;1106,66;18,62;230,99;3,43;62,65;2,45;22,6;2,2;278,5;3,95;92,22;3,35;2686,41;23;9,67;1,83;<LOD;4,17;<LOD;1,5;<LOD;3,04;<LOD;34,95;<LOD;34,04;0,34;0,22;<LOD;40,19;<LOD;83,75;<LOD;4,95;1017,72;20,16;<LOD;9,53;419,07;12,01;50,03;4,89;<LOD;0,54;<LOD;4,96;<LOD;2,81;29,4;4,15;319,79;18,07;190,81;14,64;<LOD;102,26;<LOD;1,5;<LOD;1,5;<LOD;1,5;1762;35,07;556652,38;3135,18
2518;20.08.2024 14:39;TestAll Geo;330,18;ppm;Final;;;;;;;Juan-Marco Puerta Schardt;254169,78;1424,63;6491,54;64,45;106557,84;1355,76;26722,1;163,64;420,02;35,16;<LOD;1640,01;38563,77;209,08;21492,65;228,16;2340,15;553,26;4724,78;224,68;250,84;9,33;101,95;13,74;91,56;15,55;201,53;11,53;474,19;12,27;314,04;3,84;63,47;2,36;26,73;1,91;335,13;4,15;85,54;2,71;1061,36;14,21;6,21;1,22;<LOD;4,13;<LOD;1,5;<LOD;2,28;<LOD;22;<LOD;29,97;0,38;0,18;<LOD;34,57;<LOD;83,65;9,16;4,07;961,69;19,67;<LOD;9,26;395,27;11,71;36,87;4,73;<LOD;0,52;<LOD;4,83;<LOD;2,68;34,45;4,18;287,31;17,18;176,51;14,01;<LOD;69,24;<LOD;1,5;<LOD;1,5;<LOD;1,5;2094,5;40,4;526552;3370,49
2517;20.08.2024 14:32;TestAll Geo;330,6;ppm;Final;;;;;;;Juan-Marco Puerta Schardt;244518,92;1457,41;7049,81;70,58;94609,03;1395;22678,19;156,87;516,75;38,64;3296,45;1245,41;82577,1;298,3;12471,84;169,2;3754,25;560,53;4994,3;234,32;440,46;11,01;90,3;14,08;124,3;17,01;393,24;14,92;248,79;9,81;440,36;4,7;70,17;2,6;30,67;2,17;329,28;4,41;100,42;3,19;1775,82;18,98;7,78;1,56;<LOD;4,61;<LOD;1,5;<LOD;2,86;222,67;15,56;<LOD;34,27;0,4;0,22;<LOD;36,1;162,85;46,31;25,25;5,89;1173,31;20,9;34,63;6,54;440,82;12,25;55,36;4,97;<LOD;0,56;<LOD;5,03;<LOD;2,81;39,89;4,35;417,4;19,01;250,77;15,26;<LOD;88,35;<LOD;1,5;<LOD;1,5;<LOD;1,5;1892,59;41,27;515843,09;3595,17
2516;20.08.2024 14:15;TestAll Geo;330,43;ppm;Final;;;;;;;Juan-Marco Puerta Schardt;252687,69;1408,3;7411,84;73,79;98672,12;1375,41;23876,27;161,51;534,49;39,24;1902,05;1171,32;62366,91;262,77;14633,38;189,11;3616,92;436,53;2411,63;184,67;429,38;11,19;114,16;14,39;115,22;16,87;359,89;14,52;207,52;9,19;348,75;4,22;71,02;2,6;31,24;2,19;329,43;4,35;107,45;3,28;1821,4;19,29;7,29;1,57;<LOD;4,5;<LOD;1,5;<LOD;2,79;233,7;15,84;<LOD;35,23;0,43;0,22;<LOD;35,98;107,1;47,15;10,47;5,15;1098,36;20,57;28,6;6,51;454,09;12,3;54,8;4,95;<LOD;0,56;<LOD;5,04;<LOD;2,8;39,95;4,34;401,14;19,1;239,01;15,35;<LOD;89,09;<LOD;1,5;<LOD;1,5;<LOD;1,5;1844,19;38,43;518949,84;3341,83
2515;20.08.2024 13:49;TestAll Geo;330,57;ppm;Final;;;;;;;Juan-Marco Puerta Schardt;259939,97;1419,02;7322,43;69,23;99397,95;1359,97;24342,78;157,43;501,33;37,19;3128,35;1176,31;58370,59;246,98;12446,45;166,12;3696,35;486,74;3373,22;196,53;408,1;10,53;127,55;14,18;110,58;16,12;225,5;12,01;211,27;8,87;329,44;3,96;70,38;2,47;32,45;2,04;337,08;4,21;103,13;2,96;1250,78;15,5;7,14;1,32;<LOD;4,19;<LOD;1,5;<LOD;2,44;167,01;12,76;<LOD;33,17;0,34;0,19;<LOD;34,54;155,47;46,27;8,6;4,84;1088,58;20,1;<LOD;9,44;416,64;11,81;45,47;4,78;<LOD;0,54;<LOD;4,92;<LOD;2,72;37,74;4,21;413,78;18,57;225,28;14,72;<LOD;75,14;<LOD;1,5;<LOD;1,5;<LOD;1,5;1349,62;35,87;516337,59;3326,25
2514;20.08.2024 13:35;TestAll Geo;330,08;ppm;Final;;;;;;;Juan-Marco Puerta Schardt;181586,03;916,64;4553,91;56,46;158494,84;1739,39;42039,49;204,18;617,56;39,68;<LOD;1761,26;20522,82;162,67;28860,57;256,87;1413,87;74,62;608,02;139,5;139,26;8,91;208,58;14,08;121,33;16,27;31,86;8,6;133,69;7,51;194,35;3,05;159,32;3,22;16,01;1,59;107,57;2,72;22,83;1,83;27,51;3,39;4,92;0,7;<LOD;4,91;<LOD;1,5;<LOD;1,86;12,56;2,87;<LOD;31,22;0,3;0,14;<LOD;34,56;<LOD;98,16;23,76;3,25;670,01;21,13;49,15;7,36;489,27;14,03;65,34;5,66;<LOD;0,63;<LOD;5,56;<LOD;3,18;42,82;4,94;286,06;19,16;173,11;15,64;<LOD;46,79;<LOD;1,5;<LOD;1,5;<LOD;1,5;9830,84;74,22;538306,25;3032,87
2513;19.08.2024 17:42;TestAll Geo;330,52;ppm;Final;;;;;;;Juan-Marco Puerta Schardt;186550,05;928,29;4562,04;57,14;167233,88;1805,87;42506,46;206,66;613,03;39,93;<LOD;1759,18;21286,87;168,67;29959,15;266,26;1528,19;75,9;583,62;142,61;133,37;9,03;226,85;14,62;123,91;16,33;33,16;8,67;148,7;7,83;198,18;3,1;161,02;3,26;16,53;1,59;102,38;2,7;22,42;1,84;27,29;3,42;4,85;0,7;<LOD;4,96;<LOD;1,5;<LOD;1,9;12,9;2,89;<LOD;31,67;0,35;0,15;<LOD;34,57;<LOD;98,88;24,25;3,37;619,61;20,6;36,24;7,2;470,43;13,7;58,15;5,51;<LOD;0,62;<LOD;5,45;<LOD;3,14;44,87;4,9;283;19,01;175,97;15,56;<LOD;46,38;<LOD;1,5;<LOD;1,5;<LOD;1,5;10089,73;75,52;522660,16;3117,84
2512;19.08.2024 17:35;TestAll Geo;330,06;ppm;Final;;;;;;;Juan-Marco Puerta Schardt;264542,28;1032,74;980,62;23,66;18956,9;774,11;17373,35;125,25;1716,87;50,29;18078,71;1512,38;111677,51;347,88;9640,69;144,64;1006,98;75,46;2413,88;194,21;50,68;5,09;52,2;17,79;<LOD;24,14;<LOD;11,35;<LOD;6,17;758,9;5,54;43,15;1,82;4,01;1,27;32,59;2,69;<LOD;1,52;<LOD;2,95;1,29;0,5;<LOD;3,85;<LOD;1,5;<LOD;1,57;3,05;1,92;<LOD;26,53;0,44;0,14;<LOD;28,88;<LOD;68,59;40,25;6,87;320,63;16,85;<LOD;8,87;353,51;11,32;21,98;4,58;<LOD;0,51;<LOD;4,66;<LOD;2,56;34,04;4,13;185,08;15,44;119,37;12,8;<LOD;32,59;<LOD;1,5;<LOD;1,5;<LOD;1,5;11104,13;79,49;545677,94;2399,16
2511;19.08.2024 17:28;TestAll Geo;330,01;ppm;Final;;;;;;;Juan-Marco Puerta Schardt;256526,73;1035,94;1079,31;24,05;16830,59;719,83;16632,91;122,12;1443,39;46,79;13543,85;1414,59;88337,55;288,42;10133,31;145,88;805,94;72,07;1763,28;160,42;41,81;4,89;45,52;17,16;<LOD;24,84;<LOD;11,82;<LOD;6,56;650,78;5,12;49,65;1,9;4,71;1,28;47,43;2,66;2,37;1,15;<LOD;3;2;0,53;<LOD;3,87;<LOD;1,5;<LOD;1,6;3,83;1,94;<LOD;28;0,38;0,14;<LOD;29,48;<LOD;67,3;26,4;5,67;351,02;17,49;<LOD;9,22;363,38;11,72;30,91;4,78;<LOD;0,52;<LOD;4,87;<LOD;2,7;34,04;4,25;206,09;16,26;132,21;13,44;<LOD;33,47;<LOD;1,5;<LOD;1,5;<LOD;1,5;8624,22;68,89;576488,81;2273,77
2510;19.08.2024 17:21;TestAll Geo;330,54;ppm;Final;;;;;;;Juan-Marco Puerta Schardt;246943,45;1008,91;1142,78;24,45;17763,49;717,11;15938,27;119,06;1369,28;45,57;12880,19;1383,44;92886,72;293,76;9944,86;142,91;852,92;71,48;1768,01;160,66;43,09;4,87;47,75;16,83;<LOD;24,77;<LOD;11,57;<LOD;6,72;603,46;4,91;50,41;1,89;3,92;1,26;50,03;2,61;<LOD;1,71;<LOD;3,03;1,72;0,51;<LOD;3,79;<LOD;1,5;<LOD;1,58;2,93;1,94;<LOD;28,37;0,3;0,13;<LOD;29,79;<LOD;66,69;20,61;5,75;346,06;17,26;<LOD;9,06;359,3;11,55;24,48;4,67;<LOD;0,52;<LOD;4,85;<LOD;2,68;33,19;4,19;218,73;16,37;126,3;13,4;<LOD;32,65;<LOD;1,5;<LOD;1,5;<LOD;1,5;8706,95;68,4;582994,13;2238,55
2509;19.08.2024 17:12;TestAll Geo;330,55;ppm;Final;;;;;;;Juan-Marco Puerta Schardt;253102,73;1018,46;1443,82;30,51;22418,57;801,74;28723,72;161,82;1846,92;53,08;12010,21;1462,22;100343,63;340,47;10224,97;158,37;853,26;70,46;1137,94;170,02;52,91;5,97;56,4;20,24;<LOD;24,97;<LOD;11,8;<LOD;6,41;593,41;4,96;45,93;1,85;5,42;1,29;70,26;2,78;4,08;1,17;<LOD;2,96;1,05;0,5;<LOD;3,81;<LOD;1,5;<LOD;1,57;4,39;1,98;<LOD;27,61;0,34;0,14;<LOD;29,61;<LOD;84,03;35,67;6,72;387,34;18,09;<LOD;9,55;386,04;12,17;31,91;4,92;<LOD;0,54;<LOD;5,13;<LOD;2,79;33,49;4,36;225,56;17,13;139,98;14,1;<LOD;31,9;<LOD;1,5;<LOD;1,5;<LOD;1,5;2458,96;40,43;559989,06;2364,54
2508;19.08.2024 16:46;TestAll Geo;330,33;ppm;Final;;;;;;;Juan-Marco Puerta Schardt;263051,25;1042,55;1337,06;28,49;23356,78;794,26;24537,63;151,41;1535,33;49,76;12034,65;1404,23;94519,64;324,35;9666,46;150,93;714,64;71,01;2640,03;197,17;49;5,59;67,56;19,18;<LOD;25,75;<LOD;11,66;<LOD;6,62;585,33;4,98;42,53;1,83;4,67;1,29;61,04;2,74;4,26;1,18;<LOD;3,18;0,94;0,5;<LOD;3,86;<LOD;1,5;<LOD;1,64;<LOD;3,98;<LOD;29,84;0,26;0,14;<LOD;30,17;<LOD;80,36;35,51;6,41;432,74;17,87;<LOD;9,35;379,67;11,84;29,62;4,78;<LOD;0,53;<LOD;4,97;<LOD;2,75;33,09;4,25;256,23;16,98;155,97;13,89;<LOD;31,34;<LOD;1,5;<LOD;1,5;<LOD;1,5;2077,69;37,69;560802,25;2335,14
2507;19.08.2024 16:38;TestAll Geo;330,34;ppm;Final;;;;;;;Juan-Marco Puerta Schardt;251488,47;1014,89;1347,05;28,87;22581,31;781,44;27230,13;158,4;1744,54;52,15;10676,25;1392,3;96913,26;329,26;9674,71;151,85;674,18;68,77;1907,93;183,2;47,49;5,66;64,51;19,48;<LOD;25,76;<LOD;11,66;<LOD;6,55;589,72;4,97;43,8;1,84;5,83;1,3;65,4;2,76;4,11;1,17;<LOD;3,07;1,27;0,51;<LOD;3,78;<LOD;1,5;<LOD;1,63;4,27;2,01;<LOD;29,11;0,22;0,13;<LOD;30,71;<LOD;82,94;30,76;6,48;386,49;17,61;<LOD;9,24;365,15;11,71;22,81;4,7;<LOD;0,52;<LOD;5,02;<LOD;2,79;31,52;4,2;232,63;17,07;158,38;14,16;<LOD;31,99;<LOD;1,5;<LOD;1,5;<LOD;1,5;2086,11;37,55;568874,81;2299,54
2506;19.08.2024 16:20;TestAll Geo;330,31;ppm;Final;;;;;;;Juan-Marco Puerta Schardt;251691,78;1304,81;7170;75,68;109773,37;1701,93;22791,04;171,05;665,86;45,58;2782,19;1578,63;101114,68;308,2;20404,78;203,78;5203,77;376,62;548,55;142,51;488,35;12,39;24,65;11,9;140,43;19,59;339,53;15,83;211,21;10,12;1667,38;9,8;56,51;2,79;26,21;2,22;277,91;5,53;88,46;3,13;1155,05;16,76;5,87;1,45;<LOD;6,18;<LOD;1,5;<LOD;2,96;<LOD;25,63;<LOD;38,34;0,52;0,22;<LOD;43,53;<LOD;74,27;43,78;6,11;3673,06;34,67;151,95;8,54;573,87;15,89;92,36;6,38;1,13;0,47;<LOD;6,18;<LOD;3,6;46,98;5,47;447,66;23,55;258,93;18,86;<LOD;85,39;<LOD;1,5;<LOD;1,5;<LOD;1,5;1355,97;40,18;440468,59;3817,77
2505;19.08.2024 16:11;TestAll Geo;330,79;ppm;Final;;;;;;;Juan-Marco Puerta Schardt;275011,19;1487,87;6755,91;71,3;122074,26;1539,51;29317,99;180,09;476,39;38,94;<LOD;1675,76;44781,97;226,87;19506,9;213,03;3400,5;325,22;1139,92;153,67;247,99;9,71;87,41;13,81;107,39;17,16;347,49;14,54;595,91;14,39;425,61;4,68;73,76;2,7;29,77;2,36;321,47;4,43;105,15;3,57;2800,99;24,02;9,39;1,91;<LOD;4,67;<LOD;1,5;<LOD;3,23;177,87;19,14;<LOD;35,68;0,42;0,24;<LOD;38,61;<LOD;88,9;20,28;4,49;1310,67;21,83;22,93;6,64;435,09;12,44;53,29;5,05;<LOD;0,56;<LOD;5,17;<LOD;2,91;36,89;4,38;414,24;19,41;227,81;15,4;<LOD;108,32;<LOD;1,5;<LOD;1,5;<LOD;1,5;1074,73;31,43;482886,13;3448,88
2504;19.08.2024 15:21;TestAll Geo;330,53;ppm;Final;;;;;;;Juan-Marco Puerta Schardt;280209,53;1529,67;6201,04;71,02;121035,33;1711,04;23113,1;167,09;456,11;39,85;3978,8;1367,76;79093,57;295,2;24321,96;234,96;3523,02;367,31;1048,32;161,65;311,75;10,41;50,71;13,23;133,98;18,59;296,53;14,56;614,44;15,2;909,66;7,07;71,32;2,88;25,84;2,53;319,81;5,03;100,95;3,83;3342,92;27,35;11,61;2,17;<LOD;5,46;<LOD;1,5;<LOD;3,73;<LOD;42,02;<LOD;37,93;<LOD;0,39;<LOD;42,36;<LOD;84,26;34,93;5,84;1947,3;25,87;90,22;7,43;507,98;13,89;77,7;5,64;<LOD;0,62;<LOD;5,48;<LOD;3,15;44,45;4,86;433,73;20,77;236,36;16,46;<LOD;122,98;<LOD;1,5;<LOD;1,5;<LOD;1,5;1134,47;35,96;440628,94;3912
2503;19.08.2024 14:38;TestAll Geo;330,22;ppm;Final;;;;;;;Juan-Marco Puerta Schardt;263051,16;1507,36;6577,89;64,16;107931,28;1350,22;20103,73;153,42;295,22;36,83;<LOD;1453,59;19947,17;136,61;27998,59;214,98;3456,98;322,44;1414,25;132,79;199,98;7,72;96,93;12,01;<LOD;28,58;4348,18;43,96;158,52;10,37;427,18;4,8;81,65;2,9;34,67;2,52;411,66;4,95;204,71;4,36;2524,96;23,34;8,88;1,88;5,21;3,36;<LOD;1,5;<LOD;3,15;<LOD;35,26;<LOD;36,37;<LOD;0,35;<LOD;40,92;<LOD;77,18;8,57;2,64;1138,37;20,6;70,77;6,62;481,23;12,37;72,4;5,04;1,46;0,38;<LOD;4,97;<LOD;2,79;41,36;4,32;456,38;19,19;279,89;15,38;<LOD;105,78;<LOD;1,5;<LOD;1,5;<LOD;1,5;1765,17;34,42;533028,81;3201,03
2502;19.08.2024 14:23;TestAll Geo;330,14;ppm;Final;;;;;;;Juan-Marco Puerta Schardt;264705;2349,12;3366,75;73,81;98119,8;1750,32;17637,14;184,88;228,4;55,79;<LOD;2049,35;51496,51;221,27;26272,87;221,49;3681,02;703,64;6634,96;235,85;298,65;9,99;18,03;10,92;157,62;25,8;23710,58;126,46;589,69;22,82;1156,21;9,8;64,99;3,87;17,41;4,89;274,78;6,38;128,27;6,91;11187,92;61;17;4,63;<LOD;7,35;<LOD;1,5;<LOD;7,65;1256,56;49,79;<LOD;57,2;<LOD;0,79;<LOD;77,07;<LOD;77,4;27,3;4,38;3563,89;39,27;431,38;11,01;866,63;20,3;358,51;9,42;40,42;0,85;<LOD;7,11;<LOD;4,15;76,04;6,81;664,39;28,67;405,13;22,71;<LOD;294,89;<LOD;1,5;<LOD;1,5;<LOD;1,5;1264,21;46,05;476047,66;5299,98
2501;19.08.2024 14:11;TestAll Geo;330,33;ppm;Final;;;;;;;Juan-Marco Puerta Schardt;292756,25;1546,78;7874,54;80,54;105552,54;1515,66;26439,67;180,23;555,69;43,46;3006,34;1318,38;57437,55;261,57;27023,71;252,24;4347,2;407,36;1662,83;178,11;566,44;12,93;75,36;15,48;125,44;18,58;1253,4;25,45;83,3;7,9;1428,99;8,89;49,63;2,62;26,33;2,35;285,92;5,28;139,27;3,71;1717,73;19,9;7,52;1,65;<LOD;5,78;<LOD;1,5;<LOD;3,15;94,68;15,78;<LOD;37,87;<LOD;0,34;<LOD;40,66;<LOD;89,51;36,72;5,25;2373,14;26,74;141,1;7,46;532,58;13,76;97,7;5,66;2,89;0,43;<LOD;5,53;<LOD;3,07;45,46;4,78;550,41;21,98;317,23;17,36;<LOD;97,39;<LOD;1,5;<LOD;1,5;<LOD;1,5;1296,23;36,96;457586,22;3616,08
2500;19.08.2024 13:44;TestAll Geo;330,55;ppm;Final;;;;;;;Juan-Marco Puerta Schardt;217474,63;998,04;6004,7;59,54;85780,99;1068,2;47133,33;219,09;470,35;37,98;<LOD;1313,05;8242,92;99,16;13438,24;169,64;656,22;53,74;484,85;111,64;111,07;8,02;107,36;12,35;<LOD;27,78;<LOD;13,49;85,06;6,65;118,11;2,47;126,88;3,01;38,55;1,86;382,88;4,25;36,65;1,96;21,1;3,31;8,66;0,8;5,98;3,11;<LOD;1,5;<LOD;1,94;<LOD;5,72;<LOD;30,06;0,34;0,15;<LOD;32,87;<LOD;103,18;<LOD;2,9;538,46;19,08;<LOD;9,72;373,44;12,29;35;5,01;<LOD;0,55;<LOD;5,06;<LOD;2,89;37,56;4,49;270,46;17,65;177,65;14,52;<LOD;50,59;<LOD;1,5;<LOD;1,5;<LOD;1,5;1348,83;27,82;612578,81;2219,25
2499;19.08.2024 13:25;TestAll Geo;330;ppm;Final;;;;;;;Juan-Marco Puerta Schardt;245782,66;1075,57;6200,06;61,79;103716,87;1214,05;40077,83;197,99;490,55;37,04;<LOD;1397,86;10225,7;116,85;14734,26;189,15;888,06;62,85;2284,26;173,9;111,47;8,4;138,52;13,96;<LOD;27,73;<LOD;13,12;82,37;6,36;103,65;2,28;113,79;2,79;35,22;1,78;357,41;4,03;36,22;1,88;21,31;3,22;6,89;0,73;5,47;2,93;<LOD;1,5;<LOD;1,84;3,92;2,55;<LOD;30,08;0,32;0,14;<LOD;31,81;<LOD;96,76;<LOD;3,42;696,55;18,7;<LOD;9,44;400,98;11,8;37,38;4,75;<LOD;0,53;<LOD;4,87;<LOD;2,73;35,35;4,21;343,58;17,9;224,95;14,63;<LOD;46,14;<LOD;1,5;<LOD;1,5;<LOD;1,5;961,82;26,35;568873,88;2423,64
2498;19.08.2024 13:16;TestAll Geo;330,56;ppm;Final;;;;;;;Juan-Marco Puerta Schardt;185935,42;931,36;5713,45;58,39;72117,03;969,27;38173,36;196,05;460,83;36,86;<LOD;1284,18;7677,79;90,61;10541,26;145,53;796,82;58,99;485,59;102,67;113,61;8,1;81,58;11,19;<LOD;28,42;<LOD;13,83;68,31;6,15;104,35;2,32;109,82;2,77;34,03;1,79;374,3;4,17;36,38;1,89;19,06;3,2;6,07;0,71;4,47;2,92;<LOD;1,5;<LOD;1,94;4,37;2,55;<LOD;29,79;0,23;0,14;<LOD;33,31;<LOD;96,46;<LOD;2,67;790,64;20,97;22,64;7,02;446,3;13,29;50,08;5,35;<LOD;0,59;<LOD;5,47;<LOD;3,05;34,16;4,63;359,57;19,66;214,14;15,88;<LOD;45,31;<LOD;1,5;<LOD;1,5;<LOD;1,5;1589,98;30,07;666382,44;2022,67
2497;19.08.2024 13:06;TestAll Geo;330,14;ppm;Final;;;;;;;Juan-Marco Puerta Schardt;246549,38;1111,6;9755,17;87,09;109921,56;1353,85;42776,7;216,81;718,61;44;<LOD;1631,65;6485,68;94,68;18541,38;201,57;5921,27;104,54;325,98;112,71;194,11;11,22;168,77;13,17;101,08;17,32;<LOD;14,83;56,43;6,26;221,96;3,42;103,62;2,9;33,31;1,88;350,84;4,34;34,44;1,96;31,89;3,74;8,27;0,82;<LOD;4,58;<LOD;1,5;<LOD;2,13;<LOD;6,31;<LOD;32,84;0,39;0,16;<LOD;36,39;<LOD;104,83;3,19;1,84;1428,53;24,25;27,32;7,26;427,94;13,57;44,62;5,46;<LOD;0,6;<LOD;5,74;<LOD;3,3;32,99;4,75;389,11;21;235,86;16,95;<LOD;51,66;<LOD;1,5;<LOD;1,5;<LOD;1,5;1711,18;33,53;544807,75;2719,71
2496;19.08.2024 12:51;TestAll Geo;330,39;ppm;Final;;;;;;;Juan-Marco Puerta Schardt;241917,31;1061,61;9005,2;79,98;117116,55;1352,95;46513,84;221,96;614,46;41,48;<LOD;1543,84;5412,1;84,08;15970,74;181,68;4138,91;87,57;<LOD;146,49;189,18;10,45;156,44;12,58;105,42;17,06;<LOD;14,53;53,28;6,13;225,01;3,38;106,22;2,87;34,15;1,86;364,45;4,33;37,89;1,97;27,09;3,55;8,44;0,81;<LOD;4,62;<LOD;1,5;<LOD;2,07;<LOD;4,2;<LOD;32,59;0,34;0,15;<LOD;35,93;<LOD;104,78;<LOD;2,44;1154,35;23,12;<LOD;10,5;385,59;13,25;35,9;5,37;<LOD;0,59;<LOD;5,59;<LOD;3,25;34,41;4,76;299,81;19,62;177,04;15,93;<LOD;51,49;<LOD;1,5;<LOD;1,5;<LOD;1,5;941,16;27,53;547380,5;2667,93
2495;19.08.2024 12:43;TestAll Geo;330,37;ppm;Final;;;;;;;Juan-Marco Puerta Schardt;182723,11;914,83;4612,17;57,25;159204,27;1739,14;42791,13;206,53;609,96;39,73;<LOD;1763,1;21161,74;167,8;29739,92;264,76;1589,41;75,62;401,16;136,67;134,56;9;204,48;14,33;122,35;16,27;31,29;8,6;144,21;7,72;195,14;3,06;160,6;3,24;15,61;1,58;107,7;2,73;24,97;1,87;29,89;3,47;4,91;0,71;5,77;3,33;<LOD;1,5;<LOD;1,87;9,41;2,86;<LOD;31,03;0,4;0,15;<LOD;34,61;<LOD;98,66;24,07;3,35;655,15;20,8;39,57;7,23;466,46;13,7;62,89;5,56;<LOD;0,61;<LOD;5,45;<LOD;3,13;36,73;4,77;281,94;18,94;160,45;15,37;<LOD;46,53;<LOD;1,5;<LOD;1,5;<LOD;1,5;9618,93;72,94;535049,88;3040,53
2494;12.08.2024 15:48;TestAll Geo;330,33;ppm;Final;;;;;;;Juan-Marco Puerta Schardt;189553,22;937,27;4595,45;57,88;170901,75;1835,9;42703,31;208,35;613,78;40,26;<LOD;1765,39;21595,72;171,64;30332,81;270,66;1568,67;76,58;533,88;143,06;138,7;9,14;212,32;14,61;121,09;16,41;30,57;8,66;142,67;7,77;200,88;3,13;161,15;3,28;17,5;1,61;105,46;2,75;24,08;1,87;23,42;3,33;5,02;0,71;<LOD;4,99;<LOD;1,5;<LOD;1,97;15,24;2,89;<LOD;31,76;0,42;0,15;<LOD;34,73;<LOD;99,83;26,09;3,44;647,34;20,83;43,03;7,26;465,45;13,73;58,29;5,55;<LOD;0,62;<LOD;5,52;<LOD;3,08;40,52;4,85;284,98;18,92;176,49;15,48;<LOD;46,85;<LOD;1,5;<LOD;1,5;<LOD;1,5;10023,51;75,41;515263,25;3164,26
2493;12.08.2024 15:41;TestAll Geo;330,04;ppm;Final;;;;;;;Juan-Marco Puerta Schardt;253998,38;1080,96;9408,14;82;124187,33;1423,67;47288,27;221,65;613,74;41,15;<LOD;1581,8;5659,14;88,48;17558,03;194,35;4544,82;91,83;<LOD;153,57;194,65;10,62;173,68;13,28;<LOD;29,69;<LOD;14,19;64,53;6,31;230,35;3,38;106,19;2,86;35,09;1,85;353,52;4,25;36,74;1,94;32,55;3,66;8,92;0,82;5,07;3,08;<LOD;1,5;<LOD;2,01;<LOD;6,26;<LOD;32,17;0,28;0,15;<LOD;34,65;<LOD;105,49;2,98;1,73;1012,9;21,68;<LOD;9,89;350,97;12,5;22,35;5,05;<LOD;0,57;<LOD;5,45;<LOD;3,11;32,44;4,54;262,75;18,78;165,68;15,41;<LOD;52,41;<LOD;1,5;<LOD;1,5;<LOD;1,5;641,5;26,24;526431,94;2777,05
2492;12.08.2024 15:04;TestAll Geo;330,26;ppm;Final;;;;;;;Juan-Marco Puerta Schardt;244651,81;1066,55;8276,7;75,61;108544,59;1270,41;47449,78;227,25;817,13;45,7;<LOD;1438,1;5813,46;94,85;20683,26;218,53;1218,51;60,14;305,38;107,36;153,77;9,76;166,48;13,92;<LOD;29,55;28,71;8,8;84,34;6,9;187,93;3,15;116,85;3,02;33,87;1,88;360,95;4,35;35,67;1,99;28,96;3,64;8,98;0,84;<LOD;4,76;<LOD;1,5;<LOD;2;5,16;2,9;<LOD;32,13;0,44;0,16;<LOD;35,23;<LOD;107,28;4,08;1,84;1213,73;22,37;38,9;6,98;455,38;13,15;51,72;5,28;<LOD;0,59;<LOD;5,26;<LOD;2,98;40,5;4,66;337;19,03;220,2;15,58;<LOD;53,08;<LOD;1,5;<LOD;1,5;<LOD;1,5;1055,21;27,11;554501,88;2571,21
2491;12.08.2024 14:58;TestAll Geo;330,43;ppm;Final;;;;;;;Juan-Marco Puerta Schardt;246796,64;1088,89;8552,88;76,46;111800,77;1281,83;49751,09;233,74;802,43;45,99;<LOD;1425,29;7401,34;108,88;23340,62;239,29;1584,09;61,98;371,32;113,45;196,77;10,08;197,74;15,34;<LOD;29,29;32,09;8,83;60,99;6,41;215,38;3,37;118,91;3,06;34,8;1,9;451,47;4,81;39,16;2,05;31,49;3,75;8,66;0,84;<LOD;4,83;<LOD;1,5;<LOD;1,99;<LOD;6,3;<LOD;30,86;0,41;0,16;<LOD;34,77;<LOD;108,89;4,92;2,12;1254,39;21,6;32,67;6,67;443,14;12,53;47,59;5,02;<LOD;0,56;<LOD;5,07;<LOD;2,85;33,14;4,35;383,75;19,04;229,99;15,34;<LOD;53,85;<LOD;1,5;<LOD;1,5;<LOD;1,5;787,75;24,86;545104,63;2568,36
2490;12.08.2024 14:16;TestAll Geo;330,44;ppm;Final;;;;;;;Juan-Marco Puerta Schardt;250107,94;1089,27;8045,14;73,65;112324,77;1300,68;39154,75;205,42;690,94;42,95;<LOD;1450,05;5497,74;84,29;17476,23;187,01;1370,47;64,07;201,96;100,88;171,92;9,66;130,91;12,1;124,69;17,23;36,77;9,11;50,34;6,02;179,63;3,06;100,93;2,82;31,43;1,83;350,09;4,26;30,49;1,88;28,04;3,6;7,73;0,79;<LOD;4,55;<LOD;1,5;<LOD;2,11;4,79;2,86;<LOD;33,94;0,54;0,16;<LOD;36,48;<LOD;100,9;4,33;1,65;1490,23;23,99;89,49;7,35;487,32;13,69;57,22;5,45;<LOD;0,6;<LOD;5,7;<LOD;3,18;39,77;4,77;446,14;21,38;273,13;17,22;<LOD;50,55;<LOD;1,5;<LOD;1,5;<LOD;1,5;888,76;26,91;552608,19;2602,37
2489;12.08.2024 13:29;TestAll Geo;330,07;ppm;Final;;;;;;;Juan-Marco Puerta Schardt;252397,23;1078,13;8703,57;78,14;120635,27;1373,32;54774,29;245,16;719,26;45,01;<LOD;1480,5;5224,28;90,43;18737,96;209,18;2293,82;70,87;331,23;110,59;177,1;10,2;210,38;14,44;100,02;17,29;29,63;9;75,07;6,83;217,73;3,39;126,24;3,14;39,39;1,96;435,35;4,74;38,81;2,07;39,5;3,97;9,12;0,86;9,01;3,38;<LOD;1,5;<LOD;2,1;<LOD;7,27;<LOD;32,9;0,35;0,16;<LOD;35,85;<LOD;111,88;<LOD;2,61;1469,32;23,88;27,35;7,11;436,02;13,33;48,29;5,37;<LOD;0,6;<LOD;5,41;<LOD;3,06;41,82;4,79;359,81;19,63;203,81;15,76;<LOD;55,16;<LOD;1,5;<LOD;1,5;<LOD;1,5;1563,94;30,12;528659,38;2711,56
2488;12.08.2024 13:21;TestAll Geo;330,17;ppm;Final;;;;;;;Juan-Marco Puerta Schardt;252248,77;1074,16;8807,79;78,78;121269,23;1377,88;55162,91;243,72;757,08;45,34;<LOD;1500,95;5134,62;89,72;18755,04;208,93;2326,49;71,22;362,97;111,15;171,79;10,23;190,31;14,14;105,3;17,19;31,4;8,98;79,93;6,87;219,67;3,37;130,06;3,16;37,37;1,93;434,38;4,69;38,63;2,06;40,01;3,95;9,91;0,87;8,17;3,36;<LOD;1,5;<LOD;2,02;<LOD;6,68;<LOD;31,52;0,39;0,16;<LOD;35,22;<LOD;110,55;<LOD;2,61;1511,13;24,15;30,5;7,16;438,56;13,41;51,03;5,42;<LOD;0,6;<LOD;5,41;<LOD;3,09;41,63;4,81;366,04;19,81;215,27;15,96;<LOD;56,02;<LOD;1,5;<LOD;1,5;<LOD;1,5;1565,63;30,18;527423,5;2718,49
2487;12.08.2024 13:07;TestAll Geo;330,27;ppm;Final;;;;;;;Juan-Marco Puerta Schardt;230840,16;1073,15;9031,67;80,62;105114,75;1304,58;52903,03;246,03;825,06;47,53;<LOD;1573,41;4048,85;72,63;14788,76;170,22;2207,89;75,54;165,19;94,76;165,77;10,27;158,94;11,78;109,9;18,24;30,97;9,59;84,26;7,22;205,71;3,37;122,08;3,14;36,34;1,96;429,73;4,8;37,81;2,09;32,56;3,86;8,22;0,84;5,11;3,34;<LOD;1,5;<LOD;2,28;5,2;3,08;<LOD;33,98;0,36;0,16;<LOD;38,44;<LOD;105,04;<LOD;2,11;1389,61;25,85;55;7,92;464,16;14,84;55,45;5,96;<LOD;0,67;<LOD;5,99;<LOD;3,47;36,36;5,17;364,04;21,54;229,74;17,52;<LOD;54,39;<LOD;1,5;<LOD;1,5;<LOD;1,5;1986,82;34,68;567458,75;2624,44
2486;12.08.2024 13:00;TestAll Geo;330,08;ppm;Final;;;;;;;Juan-Marco Puerta Schardt;240456,41;1063,78;9103,03;81,64;122366,75;1391,45;51209,41;238,5;685,47;44,44;<LOD;1507,36;5459,63;94,93;18770,26;216,18;2397,39;72,34;311,13;112,45;163,73;10,43;200,49;14,86;85,54;17,03;35,7;9,09;75,73;6,83;187,32;3,18;122,74;3,11;35,53;1,93;392,24;4,54;37,65;2,06;35,18;3,87;8,71;0,84;<LOD;4,86;<LOD;1,5;<LOD;2,08;<LOD;4,56;<LOD;31,59;0,46;0,16;<LOD;35,41;<LOD;110,83;<LOD;2,76;1407,74;23,36;72,82;7,19;482,48;13,47;66,6;5,45;<LOD;0,6;<LOD;5,33;<LOD;3;37,14;4,66;409,51;19,95;248,54;16,07;<LOD;54,48;<LOD;1,5;<LOD;1,5;<LOD;1,5;2582,47;35,99;540748,06;2722,23
2485;12.08.2024 12:21;TestAll Geo;330,05;ppm;Final;;;;;;;Juan-Marco Puerta Schardt;185649,3;924,9;4626,71;57,74;164150,02;1779,14;42425,47;204,8;648,39;40,24;<LOD;1736,97;21015,3;167,8;29875,72;266,07;1524,07;75,69;563,71;141,91;138,16;9,09;215,16;14,45;132,68;16,42;31,38;8,57;143,05;7,64;194,38;3,04;160,28;3,24;16,41;1,59;106,1;2,71;24,55;1,85;29,32;3,46;5,53;0,72;<LOD;4,9;<LOD;1,5;<LOD;2;12,14;2,9;<LOD;31,16;0,3;0,15;<LOD;33,46;<LOD;98,73;24,79;3,36;669,51;20,93;41,33;7,25;454,3;13,66;57,68;5,53;<LOD;0,62;<LOD;5,43;<LOD;3,15;44,58;4,92;292,84;19,02;178,96;15,52;<LOD;47,03;<LOD;1,5;<LOD;1,5;<LOD;1,5;9763,03;73,93;526876,81;3073,35
2484;12.08.2024 12:05;TestAll Geo;330,1;ppm;Final;;;;;;;Juan-Marco Puerta Schardt;157922,92;915,9;2811,02;50,68;117556,1;1530,73;41459,51;221,61;575,68;42,53;<LOD;1876,75;16103,67;121,87;20071,88;184,09;1152,28;80,82;482,57;104,33;132,36;8,73;134,74;10,25;98,23;18,27;18,66;9,67;155,41;8,66;197,4;3,35;153,38;3,45;15,29;1,72;104,01;2,95;24,3;2;25,14;3,65;4,66;0,75;<LOD;5,27;<LOD;1,5;<LOD;2,38;10,84;3,07;<LOD;34,53;0,32;0,16;<LOD;38,72;<LOD;106,29;17,92;2,44;642,76;24,3;38,1;8,48;497,16;16,3;68,11;6,58;<LOD;0,73;<LOD;6,43;<LOD;3,74;38,43;5,64;239,35;21,38;162,63;17,73;<LOD;49,91;<LOD;1,5;<LOD;1,5;<LOD;1,5;8859,84;74,49;605261,06;2867,89
2483;08.08.2024 17:16;TestAll Geo;330,3;ppm;Final;;;;;;;Juan-Marco Puerta Schardt;185899,77;936,32;4595,71;56,54;164209,06;1793,69;42552,74;209,26;620,38;40,5;<LOD;1773,35;20673,9;162,93;29551,39;259;1517,41;75,87;482,66;136,03;136,34;8,88;209,81;14,09;127,45;16,65;28,76;8,68;143,04;7,8;194,59;3,11;158,45;3,29;16,79;1,63;106,1;2,76;25,33;1,89;25,46;3,42;5,71;0,73;5,31;3,36;<LOD;1,5;<LOD;1,96;13,62;2,91;<LOD;32,23;0,3;0,15;<LOD;34,31;<LOD;100,44;23,04;3,25;666,07;20,88;36,61;7,23;459,84;13,67;67;5,6;<LOD;0,61;<LOD;5,5;<LOD;3,13;44,54;4,91;288,62;19,03;186,98;15,63;<LOD;48,18;<LOD;1,5;<LOD;1,5;<LOD;1,5;9217,02;72,18;528101,31;3118,09
2482;08.08.2024 17:10;TestAll Geo;330,17;ppm;Final;;;;;;;Juan-Marco Puerta Schardt;236371,08;1074,7;8729,05;79,6;109514,08;1324,76;45419,93;225,35;960,02;48,68;<LOD;1552,74;6608,56;91,88;16211,97;184,89;3453,89;85,6;774,61;121,84;185,2;10,41;166,65;12,69;105,35;17,55;31,24;9,26;65,36;6,56;230,96;3,51;110,56;2,99;33,4;1,9;369,98;4,48;36,23;2,02;34,11;3,85;8,43;0,84;7,98;3,27;<LOD;1,5;<LOD;2,16;<LOD;6,82;<LOD;32,49;0,46;0,16;<LOD;36,62;<LOD;106,96;<LOD;2,67;1843,07;26,91;111,99;7,92;494,98;14,63;70,07;5,92;<LOD;0,66;<LOD;5,79;<LOD;3,3;41,78;5,13;433,35;21,6;264,03;17,37;<LOD;53,24;<LOD;1,5;<LOD;1,5;<LOD;1,5;930,07;28,28;559271,81;2652,45
2481;08.08.2024 17:01;TestAll Geo;330,08;ppm;Final;;;;;;;Juan-Marco Puerta Schardt;239563,22;1112,65;7493,42;80,81;111457,46;1384,48;59407,35;262,85;846,05;48,71;<LOD;1681,67;5254,96;79,54;14106,97;166,51;2223,51;77,84;369,5;101,29;182,56;10,67;160,51;11,7;73,05;18,19;28,4;9,72;80,1;7,28;241,54;3,66;126,63;3,28;40,98;2,06;423,87;4,85;43,65;2,2;37,96;4,08;10,55;0,92;5,95;3,44;<LOD;1,5;<LOD;2,46;<LOD;4,8;<LOD;33,9;0,29;0,16;<LOD;38,77;<LOD;112,33;2,48;1,55;1086,92;24,64;<LOD;11,32;389,24;14,33;33,89;5,78;<LOD;0,64;<LOD;6,14;<LOD;3,55;33,06;5,12;306,73;21,32;185,71;17,34;<LOD;59,35;<LOD;1,5;<LOD;1,5;<LOD;1,5;976,52;29,84;545963,19;2778,28
2480;08.08.2024 16:38;TestAll Geo;330,48;ppm;Final;;;;;;;Juan-Marco Puerta Schardt;252666,63;1102,26;6958,69;65,78;89232,54;1165,35;32957,5;187,56;653,7;41,55;<LOD;1537,75;8629,91;105,87;32425,66;247,9;5800,18;99,59;408,89;117,22;158,87;8,85;102,95;12,09;108,38;16,65;<LOD;13,96;68,01;6,27;258,82;3,62;130,7;3,08;28,46;1,79;498,69;4,96;33,58;1,98;28,54;3,62;6,66;0,78;9,19;3,39;<LOD;1,5;<LOD;2,03;<LOD;4,22;<LOD;32,05;0,55;0,16;<LOD;34,48;<LOD;93,68;<LOD;2,89;1858,94;24,97;102,82;7,3;487,5;13,5;66,03;5,44;<LOD;0,6;<LOD;5,4;<LOD;2,98;40,4;4,72;449,02;20,55;265,7;16,44;<LOD;49,31;<LOD;1,5;<LOD;1,5;<LOD;1,5;1644,7;31,82;557908,81;2505,19
2479;08.08.2024 16:27;TestAll Geo;330,15;ppm;Final;;;;;;;Juan-Marco Puerta Schardt;198983,02;1036,53;4839,18;59,28;63657,19;1064,12;31186,38;192,39;665,47;43,66;<LOD;1735,85;9721,63;90,72;19226,36;166,93;5912,77;113,75;253,15;85,73;167,79;9,33;83,89;9,06;80,76;18,06;<LOD;14,24;122,82;7,92;232,89;3,63;124,62;3,18;28,47;1,88;409,19;4,8;31;2,03;24,51;3,69;6,92;0,82;5,97;3,45;<LOD;1,5;<LOD;2,33;<LOD;6,34;<LOD;35,54;0,26;0,16;<LOD;38,77;<LOD;82,97;<LOD;2,55;1525,34;27,58;94,79;8,45;491,13;15,71;70,22;6,36;<LOD;0,7;<LOD;6,42;<LOD;3,69;34,53;5,38;414,77;23,47;256,07;18,96;<LOD;51,72;<LOD;1,5;<LOD;1,5;<LOD;1,5;2207,48;40,16;637230,31;2418,23
2478;08.08.2024 16:21;TestAll Geo;330,3;ppm;Final;;;;;;;Juan-Marco Puerta Schardt;217700,06;998,77;7131,29;68,9;84216,07;1232,2;36207,56;199,82;1036,69;48,67;<LOD;1878,85;24318,01;172,84;36566,54;279,72;15300,81;165,75;1443,52;161,84;203,5;9,61;148;13,61;<LOD;29,33;<LOD;14,05;101,56;7,19;288,3;3,87;142,42;3,25;29,22;1,84;473,94;4,96;41,78;2,13;29,53;3,71;7,54;0,82;8,14;3,53;<LOD;1,5;<LOD;2,01;<LOD;6,16;<LOD;31,63;0,5;0,16;<LOD;35,83;<LOD;98,07;<LOD;4,89;1513,22;23,32;61,77;7,03;469,21;13,15;59,48;5,3;<LOD;0,59;<LOD;5,25;<LOD;2,99;40,12;4,63;394,68;19,62;253,44;15,95;<LOD;51,84;<LOD;1,5;<LOD;1,5;<LOD;1,5;3753,72;45,61;564420,94;2708,08
2477;08.08.2024 16:12;TestAll Geo;330,44;ppm;Final;;;;;;;Juan-Marco Puerta Schardt;229920,98;1044,4;9039,74;81,58;104311,22;1283,92;47870,66;226,33;658,46;42,87;<LOD;1552,13;7537,77;100,11;17481,26;196,6;2824,48;82;1336,59;143,12;197,52;10,75;162,04;13,23;97,56;17,06;30,11;9;64,99;6,42;221,54;3,37;110,04;2,95;34,86;1,89;392,49;4,49;39,03;2,01;34,14;3,77;9,63;0,85;7,07;3,18;<LOD;1,5;<LOD;2,05;<LOD;6,35;<LOD;31,56;0,31;0,15;<LOD;34,92;<LOD;106,29;<LOD;2,92;1279,94;23,38;<LOD;10,63;412,72;13,3;42,47;5,37;<LOD;0,6;<LOD;5,59;<LOD;3,24;32,31;4,68;368,26;20,5;220,33;16,55;<LOD;53,75;<LOD;1,5;<LOD;1,5;<LOD;1,5;1581,27;32,02;567140,81;2585,86
2476;08.08.2024 16:05;TestAll Geo;330,14;ppm;Final;;;;;;;Juan-Marco Puerta Schardt;229245,31;1062,47;9063,23;81,2;101909,95;1280,13;45014,1;221,22;650,37;42,66;<LOD;1579,44;5850,88;84,78;15096,89;174,32;2540,3;79,74;577,53;111,05;185,35;10,54;147,22;12,06;88,74;17,26;<LOD;15,02;58,17;6,32;215,67;3,35;107,38;2,91;36,95;1,91;381,09;4,46;37,63;1,99;31,63;3,74;7,99;0,81;7,45;3,19;<LOD;1,5;<LOD;2,22;<LOD;6,3;<LOD;32,46;0,34;0,16;<LOD;36,78;<LOD;95,21;2,63;1,66;1306,18;24,59;28,64;7,53;441,26;14,14;51,98;5,71;<LOD;0,63;<LOD;5,86;<LOD;3,42;36,18;4,98;356,68;21;224,87;17,09;<LOD;51,18;<LOD;1,5;<LOD;1,5;<LOD;1,5;1529,33;32,48;576221,69;2579,08
2475;08.08.2024 15:55;TestAll Geo;330,53;ppm;Final;;;;;;;Juan-Marco Puerta Schardt;220822,59;1051,23;8762,63;79,33;98957,45;1257,42;45583,09;225,16;683,07;43,96;<LOD;1523,5;6745,7;88,93;14741,42;171,39;2400,41;80,97;1225,92;128,93;185,47;10,35;138,94;11,83;134,39;18,12;<LOD;15,18;63,73;6,54;214,73;3,39;105,37;2,95;35,54;1,92;393,27;4,57;37,84;2,02;30,16;3,74;9,2;0,85;5,04;3,17;<LOD;1,5;<LOD;2,21;<LOD;6,47;<LOD;33,25;0,37;0,16;<LOD;37,53;<LOD;96,59;<LOD;2,6;1391,68;24,73;30,34;7,47;439,95;14,01;50,79;5,65;<LOD;0,63;<LOD;5,79;<LOD;3,36;31,89;4,86;371,82;21,24;220,8;17,14;<LOD;54,14;<LOD;1,5;<LOD;1,5;<LOD;1,5;1732,83;33,5;585803,25;2534,19
2474;08.08.2024 15:29;TestAll Geo;330,49;ppm;Final;;;;;;;Juan-Marco Puerta Schardt;238702,23;1063,37;8649,01;77,99;105497,84;1258,86;48171,74;229,34;619,69;42,7;<LOD;1438,88;4198,65;79,9;17518,34;195,28;1768,74;66,96;228,74;104,27;192,33;10,26;174,51;13,36;119,48;17,56;47,54;9,43;50,36;6,14;192;3,19;110,74;2,96;32,9;1,86;394,96;4,52;31,41;1,93;28,93;3,67;8,55;0,83;<LOD;4,74;<LOD;1,5;<LOD;2,14;<LOD;6,26;<LOD;33,33;0,48;0,16;<LOD;34,92;<LOD;108,13;<LOD;2,32;1532,39;24,28;64,2;7,3;453,48;13,54;56,48;5,47;<LOD;0,6;<LOD;5,59;<LOD;3,18;34,13;4,7;420,4;20,99;249,21;16,85;<LOD;52,32;<LOD;1,5;<LOD;1,5;<LOD;1,5;510,1;24,77;565125,56;2529,8
2473;08.08.2024 15:10;TestAll Geo;330;ppm;Final;;;;;;;Juan-Marco Puerta Schardt;234452,95;1058,02;8281,27;74,38;99983,05;1201,84;45082,23;223,43;656,11;43,37;<LOD;1406,01;4296,14;80,34;18324,33;197,66;1568,36;63,36;231,11;101,09;189,11;9,77;158,99;13,25;97,07;17,05;<LOD;14,47;51,92;6,19;193,6;3,22;115,09;3,01;33,13;1,88;365,14;4,41;33,17;1,97;30,4;3,72;8,11;0,82;5,97;3,23;<LOD;1,5;<LOD;2,13;<LOD;6,3;<LOD;33,51;0,38;0,16;<LOD;36,1;<LOD;106,48;3,24;1,57;1479,37;23,4;49,58;7,03;438,93;13,05;49,25;5,26;<LOD;0,58;<LOD;5,4;<LOD;3,05;39,93;4,66;397,79;20,02;250,67;16,22;<LOD;52,16;<LOD;1,5;<LOD;1,5;<LOD;1,5;527,19;24,1;578563,06;2462,11
2472;08.08.2024 15:03;TestAll Geo;330,52;ppm;Final;;;;;;;Juan-Marco Puerta Schardt;239519,59;1051,47;8548,73;76,09;105166,19;1238,17;45278,28;218,89;573,68;40,84;<LOD;1406,56;4461,53;81,7;18125,11;197,73;1571,67;63,98;199,1;101,5;179,56;9,93;163,18;13,26;92,3;16,72;<LOD;14,26;50,65;6,02;191,03;3,13;112,71;2,92;33,64;1,83;356,67;4,26;29,23;1,87;28,85;3,59;7,73;0,79;<LOD;4,59;<LOD;1,5;<LOD;2,03;<LOD;6,12;<LOD;31,49;0,54;0,16;<LOD;35,19;<LOD;105,03;2,93;1,59;1458,32;23,35;38,43;7;438,67;13,06;45,95;5,23;<LOD;0,58;<LOD;5,38;<LOD;3,09;35,76;4,59;367,73;19,9;232,4;16,19;<LOD;50,91;<LOD;1,5;<LOD;1,5;<LOD;1,5;501,91;24,17;567569;2486,91
2471;08.08.2024 14:49;TestAll Geo;330,55;ppm;Final;;;;;;;Juan-Marco Puerta Schardt;293765,84;1158,4;3885,58;41,8;87268,01;1008,41;23480,08;150,63;352,28;32,71;<LOD;1235,38;5646,63;77,35;15176,41;161,22;244,93;44,46;<LOD;128,61;80,85;6,06;26,95;10,52;<LOD;27,59;31,41;7,98;21,81;4,56;82,6;2,04;47,39;1,93;17,82;1,52;350,4;3,93;22,36;1,51;15,52;2,94;3,04;0,58;<LOD;3,46;<LOD;1,5;<LOD;1,67;<LOD;5,25;<LOD;29,44;0,49;0,15;<LOD;30,57;<LOD;81,28;<LOD;2,19;699,06;18,87;96,91;6,69;495,64;12,5;74,43;5,08;<LOD;0,56;<LOD;4,78;<LOD;2,59;47,95;4,46;366,46;17,62;246,85;14,43;<LOD;35,67;<LOD;1,5;<LOD;1,5;<LOD;1,5;1499,95;26,87;561430,88;2218,81
2470;08.08.2024 14:36;TestAll Geo;330,57;ppm;Final;;;;;;;Juan-Marco Puerta Schardt;317324,84;1215,29;4589,8;47,19;90128,54;1066,3;24685,82;154,76;416,07;34,15;<LOD;1314,82;4515,42;78,47;20312,05;197,33;489,18;47,55;207,95;86,82;83;6,56;43,83;11,92;<LOD;26,95;31,02;7,92;21,8;4,61;92,48;2,15;45,94;1,93;19,08;1,54;395;4,16;25,05;1,55;16;2,97;3,83;0,6;<LOD;3,41;<LOD;1,5;<LOD;1,68;5,31;2,41;<LOD;29,27;0,29;0,14;<LOD;31,3;<LOD;81,74;<LOD;2,19;599,58;17,37;31,48;6,08;433,75;11,4;52,78;4,63;<LOD;0,51;<LOD;4,64;<LOD;2,5;35,45;4,01;349,08;17;218,58;13,82;<LOD;36,44;<LOD;1,5;<LOD;1,5;<LOD;1,5;1357,21;27,02;531132,94;2339,29
2469;08.08.2024 14:26;TestAll Geo;330,36;ppm;Final;;;;;;;Juan-Marco Puerta Schardt;317319,5;1197,45;4953,09;50,17;89637,73;1055,72;26165,93;157,89;441,78;34,43;<LOD;1297,06;4193,57;78,24;19686,24;206,64;498,08;47,16;200,79;86,33;99,45;7,04;78,02;12,84;<LOD;26,7;35,74;7,95;25,64;4,69;94,05;2,15;45,59;1,91;20,99;1,55;401,78;4,15;27,06;1,56;15,38;2,92;3,8;0,6;<LOD;3,41;<LOD;1,5;<LOD;1,6;8,73;2,46;<LOD;28,56;0,48;0,15;<LOD;30,49;<LOD;83,14;<LOD;2,24;671,88;17,69;42,25;6,13;448,4;11,51;52,35;4,63;<LOD;0,51;<LOD;4,62;<LOD;2,52;39,78;4,08;351,85;17,04;224,95;13,89;<LOD;36,23;<LOD;1,5;<LOD;1,5;<LOD;1,5;1351,91;26,79;528976,63;2312,09
2468;08.08.2024 14:18;TestAll Geo;4,76;ppm;Final;;;;;;;Juan-Marco Puerta Schardt;;;6328,08;1429,7;;;25496,86;654,29;597,55;156,89;;;;;;;;;;;<LOD;359,78;<LOD;470,58;<LOD;111,56;<LOD;51,06;38,89;21,52;135,55;10,61;59,04;8,76;25,26;6,83;486,53;19,07;37,79;7,28;<LOD;18,52;4,67;2,66;<LOD;15,57;<LOD;1,5;<LOD;9,45;<LOD;15,24;<LOD;127,88;<LOD;0,91;<LOD;135,52;<LOD;340,99;;;;;;;;;;;;;<LOD;42,23;<LOD;33,64;;;;;;;<LOD;167,7;<LOD;1,5;<LOD;1,5;<LOD;1,5;;;962776,56;1716,82
2467;08.08.2024 14:10;TestAll Geo;330,26;ppm;Final;;;;;;;Juan-Marco Puerta Schardt;228083,34;1078,1;4086,07;49,93;68343,68;956,47;22651,92;153,86;435,1;35,5;<LOD;1352,86;5751,74;65,12;9172,54;112,1;150,5;58,34;736,28;85,11;103,21;7,12;14,32;7,93;75,19;16,1;<LOD;14,35;33,23;5,22;160,69;2,86;54,37;2,16;24,38;1,68;403,04;4,41;30,57;1,72;17,55;3,17;5,05;0,68;<LOD;3,74;<LOD;1,5;<LOD;1,99;4,52;2,55;<LOD;31,35;0,45;0,15;<LOD;35,52;<LOD;66,59;<LOD;1,89;663,01;21,2;38,23;7,35;441,28;13,78;54,1;5,58;<LOD;0,61;<LOD;5,77;<LOD;3,34;30,03;4,74;355,81;20,61;222,46;16,75;<LOD;40,55;<LOD;1,5;<LOD;1,5;<LOD;1,5;532,7;26,1;644702,94;2127,67
2466;08.08.2024 13:50;TestAll Geo;330,49;ppm;Final;;;;;;;Juan-Marco Puerta Schardt;266173,22;1135,68;6007,81;55,58;87779,34;1053,43;26451,68;163,02;643,71;38,96;<LOD;1278,47;6120,54;78,54;13379,5;151,36;824,12;55,63;587,93;99,46;118,83;7,32;58,32;10,66;<LOD;27,61;<LOD;12,96;40,44;5,26;129,62;2,55;71,72;2,34;27,54;1,7;483,64;4,65;37,68;1,82;22,63;3,27;5,93;0,7;<LOD;3,92;<LOD;1,5;<LOD;1,77;<LOD;5,45;<LOD;30,37;0,34;0,15;<LOD;32,03;<LOD;84,52;3,02;1,54;775,18;19,75;39,54;6,69;461,78;12,66;54,47;5,08;<LOD;0,56;<LOD;4,98;<LOD;2,81;41,88;4,49;335,92;18,05;202,19;14,63;<LOD;42,98;<LOD;1,5;<LOD;1,5;<LOD;1,5;516,01;22,95;582852,56;2261,29
2465;08.08.2024 13:27;TestAll Geo;330;ppm;Final;;;;;;;Juan-Marco Puerta Schardt;252093,53;1096,71;5677,5;52,73;81487,34;989,74;27535,91;164,97;1023,54;44,75;<LOD;1229,87;6194,09;78,95;13326,9;151,18;628,43;52,08;625,14;100,54;122,25;7,1;45,52;10,63;<LOD;27,25;<LOD;12,85;43;5,29;136,16;2,58;69,16;2,3;28,63;1,7;519,17;4,76;37,72;1,8;23,88;3,29;6,29;0,7;<LOD;3,86;<LOD;1,5;<LOD;1,82;<LOD;5,4;<LOD;29,01;0,31;0,14;<LOD;31,75;<LOD;84,75;2,74;1,55;822,02;19,96;46,35;6,74;478,21;12,78;64,31;5,17;<LOD;0,57;<LOD;4,86;<LOD;2,72;42,91;4,52;331,05;17,71;195,39;14,32;<LOD;42,56;<LOD;1,5;<LOD;1,5;<LOD;1,5;516,59;22,09;603171,44;2148,25
2464;08.08.2024 13:16;TestAll Geo;330,51;ppm;Final;;;;;;;Juan-Marco Puerta Schardt;224936,41;1043,71;3044,54;39,22;52233,86;849,78;31696,49;182,99;251,39;32,48;<LOD;1349,4;7031,31;73,35;8853,46;114,52;<LOD;89,09;1322,15;103,58;66,15;6,07;24,87;8,08;38,55;15,77;<LOD;14,33;16,15;4,81;117,15;2,49;28,43;1,75;14,33;1,54;338,48;4,09;19,07;1,47;11,03;2,92;3,45;0,61;<LOD;3,31;<LOD;1,5;<LOD;1,89;4,06;2,38;<LOD;31,15;0,3;0,15;<LOD;33,39;<LOD;93;<LOD;2,12;470,22;21,38;17,71;7,67;471,73;14,74;57,56;5,93;<LOD;0,66;<LOD;5,86;<LOD;3,35;40,05;5,19;234,79;19,38;165,31;16,13;<LOD;36,7;<LOD;1,5;<LOD;1,5;<LOD;1,5;751,17;27,69;655644,13;1998,63
2463;08.08.2024 13:09;TestAll Geo;330,09;ppm;Final;;;;;;;Juan-Marco Puerta Schardt;255866,28;1067,31;3390,91;39,97;64395,43;862,81;33043,99;180,35;271,12;32,15;<LOD;1176,68;7651,86;90,02;12324,99;153,48;253,12;45,22;207,57;92,34;85,63;6,11;30,6;10,85;<LOD;26,7;<LOD;12,89;15,42;4,58;135,52;2,57;28,72;1,7;14,77;1,49;416,52;4,33;20,36;1,44;11,46;2,86;<LOD;149,9;<LOD;3,23;<LOD;1,5;<LOD;1,69;<LOD;4,66;<LOD;28,65;<LOD;0,2;<LOD;30,91;<LOD;90,67;<LOD;2,6;558,51;18,25;12,5;6,39;439,67;12,13;53,57;4,91;<LOD;0,54;<LOD;4,79;<LOD;2,62;38,69;4,3;278,89;17,05;170,25;13,93;<LOD;36,59;<LOD;1,5;<LOD;1,5;<LOD;1,5;478,31;21,56;615479,5;1978,31
2462;08.08.2024 13:00;TestAll Geo;330,24;ppm;Final;;;;;;;Juan-Marco Puerta Schardt;274758,66;1089,42;3166,26;37,38;60686,51;832,66;29217,57;164,91;304;31,25;<LOD;1194,5;6664,6;80,44;11354,71;140,74;268,2;45,53;<LOD;121,61;74,95;5,88;31,67;10,35;<LOD;26,23;<LOD;12,34;<LOD;7,01;123,41;2,4;28,18;1,64;14,76;1,44;364,97;3,96;20,1;1,39;9,04;2,67;<LOD;139,29;<LOD;3,13;<LOD;1,5;<LOD;1,57;<LOD;4,64;<LOD;29;0,34;0,14;<LOD;29,3;<LOD;85,28;2,71;1,57;552,55;18,65;18,05;6,56;463,95;12,56;59,76;5,09;<LOD;0,56;<LOD;4,85;<LOD;2,66;42,91;4,48;248,47;16,67;153,13;13,68;<LOD;33,96;<LOD;1,5;<LOD;1,5;<LOD;1,5;653,58;22,42;605437,81;1960,16
