Reading No;Time;Type;Duration;Units;Sequence;Flags;SAMPLE;LOCATION;INSPECTOR;MISC;NOTE;User Login;Mo;Mo Error;Zr;Zr Error;Sr;Sr Error;U;U Error;Rb;Rb Error;Th;Th Error;Pb;Pb Error;Se;Se Error;As;As Error;Hg;Hg Error;Au;Au Error;Zn;Zn Error;W;W Error;Cu;Cu Error;Ni;Ni Error;Co;Co Error;Fe;Fe Error;Mn;Mn Error;Cd;Cd Error;Ag;Ag Error;Bal;Bal Error;Nb;Nb Error;Y;Y Error;Bi;Bi Error;Re;Re Error;Ta;Ta Error;Hf;Hf Error;Cr;Cr Error;V;V Error;Ti;Ti Error;Ce;Ce Error;La;La Error;Ba;Ba Error;Ca;Ca Error;K;K Error;Sc;Sc Error;S;S Error;Cs;Cs Error;Te;Te Error;Sb;Sb Error;Sn;Sn Error;Pd;Pd Error;Al;Al Error;P;P Error;Si;Si Error;Cl;Cl Error;Mg;Mg Error
20;19.09.2023 10:04;TestAll Geo;0,43;ppm;Final;;;;;;;Juan-Marco Puerta Schardt;<LOD;1,5;<LOD;305,49;<LOD;113,05;<LOD;300000;<LOD;96,71;<LOD;4902,75;<LOD;430,34;<LOD;74,09;<LOD;25,18;<LOD;3238,87;<LOD;300000;<LOD;893,52;<LOD;300000;<LOD;37389,29;<LOD;48033,43;<LOD;433,2;<LOD;877,32;<LOD;1118,04;<LOD;51708,05;<LOD;40110,04;<LOD;1,5;<LOD;591,45;<LOD;162,11;1292,09;451,11;<LOD;1,5;<LOD;1,5;<LOD;1,5;<LOD;2536,79;<LOD;1937,2;<LOD;12426,61;;;;;;;;;;;;;;;;;;;;;;;;;;;;;;;;;;
21;19.09.2023 10:07;TestAll Geo;1,95;ppm;Final;;;;;;;Juan-Marco Puerta Schardt;<LOD;1,5;<LOD;46,91;<LOD;99,13;<LOD;300000;<LOD;20,07;<LOD;349,52;<LOD;773,44;<LOD;1964,01;<LOD;1783,68;<LOD;15700;<LOD;300000;<LOD;3114,67;<LOD;300000;<LOD;5762,12;<LOD;17918,37;<LOD;1884,51;<LOD;16778,54;<LOD;19195,37;<LOD;3847,73;<LOD;2689,95;907407,81;113108,27;<LOD;494,57;<LOD;553,3;<LOD;215,86;<LOD;1,5;<LOD;1,5;<LOD;1,5;<LOD;2218,88;<LOD;1953,74;<LOD;14528,01;;;;;;;;;;;;;;;;;;;;;;;;;;;;;;;;;;
22;19.09.2023 10:07;TestAll Geo;1,9;ppm;Final;;;;;;;Juan-Marco Puerta Schardt;<LOD;1,5;<LOD;479,46;<LOD;2285,28;<LOD;300000;<LOD;57,71;<LOD;2716,74;<LOD;2801,33;<LOD;3729,46;<LOD;651,8;<LOD;72188,14;<LOD;300000;<LOD;11047,07;<LOD;300000;<LOD;14763,05;<LOD;26650,46;<LOD;10018,38;<LOD;12306,96;<LOD;2947,26;<LOD;19323,21;<LOD;15556,4;<LOD;1,5;<LOD;3484,62;<LOD;2444,06;1606,6;398,08;<LOD;1,5;<LOD;1,5;<LOD;1,5;<LOD;23777,26;<LOD;2993,32;<LOD;64463,63;;;;;;;;;;;;;;;;;;;;;;;;;;;;;;;;;;
23;19.09.2023 10:07;TestAll Geo;1,83;ppm;Final;;;;;;;Juan-Marco Puerta Schardt;<LOD;1,5;<LOD;3459,42;<LOD;123,55;<LOD;300000;<LOD;1584,52;<LOD;58745,16;<LOD;4785,43;<LOD;2709,2;<LOD;3375,92;<LOD;18373,73;<LOD;300000;<LOD;4872,6;<LOD;300000;<LOD;13308,36;<LOD;16653,07;<LOD;13229,97;<LOD;17702;<LOD;785,41;<LOD;6634,57;<LOD;5501,57;738806,56;274318,09;<LOD;3080,61;<LOD;478,29;<LOD;31222,85;<LOD;1,5;<LOD;1,5;<LOD;1,5;<LOD;1994,82;<LOD;1713,57;<LOD;12367,34;;;;;;;;;;;;;;;;;;;;;;;;;;;;;;;;;;
24;19.09.2023 10:07;TestAll Geo;2,13;ppm;Final;;;;;;;Juan-Marco Puerta Schardt;<LOD;1,5;<LOD;3426,16;<LOD;436,66;<LOD;300000;<LOD;63,43;<LOD;900,25;<LOD;1551,48;<LOD;3375,8;<LOD;357,16;<LOD;129367,27;<LOD;300000;<LOD;9666,53;<LOD;300000;<LOD;10837,98;<LOD;21941,55;<LOD;9070,97;<LOD;21915,43;<LOD;565,54;<LOD;20298,65;<LOD;16618,99;<LOD;1,5;<LOD;2359,8;<LOD;2357,35;<LOD;67,97;<LOD;1,5;<LOD;1,5;<LOD;1,5;<LOD;1377,14;<LOD;1924,01;<LOD;38240,05;;;;;;;;;;;;;;;;;;;;;;;;;;;;;;;;;;
25;19.09.2023 10:15;TestAll Geo;301,1;ppm;Final;;;;;;;Juan-Marco Puerta Schardt;<LOD;1,5;108,37;1,96;203,89;2,23;<LOD;3,46;159,62;2,31;5,26;0,51;28,98;2,47;<LOD;1,5;12,31;2,08;<LOD;21,99;0,47;0,11;155,49;5,68;<LOD;25,17;34,84;6,23;116,94;11,64;<LOD;68,54;43279,19;148,5;610,01;28,46;<LOD;5,41;<LOD;3,09;888515,56;449,85;17,08;1,28;25,25;1,49;<LOD;38,05;<LOD;1,5;<LOD;1,5;<LOD;1,5;229,86;19,01;131,06;7,04;4611,76;44,48;259,19;18,66;167,99;15,37;709,32;25,62;26249,19;173,32;31189,4;231,75;;;;;;;;;;;;;;;;;;;;;;;;
26;19.09.2023 10:20;TestAll Geo;301,1;ppm;Final;;;;;;;Juan-Marco Puerta Schardt;<LOD;1,5;107,32;1,97;201,9;2,24;<LOD;3,54;161,76;2,34;5,39;0,52;27,97;2,47;<LOD;1,5;11,88;2,07;<LOD;22,01;0,35;0,11;152,81;5,68;<LOD;25,15;32,36;6,22;108,22;11,67;<LOD;69,38;43379,96;149,61;654,08;29,16;<LOD;5,38;<LOD;3,09;888416,5;454,04;16,13;1,28;23,76;1,49;<LOD;38,65;<LOD;1,5;<LOD;1,5;<LOD;1,5;219,18;19,43;127,72;7,13;4611,14;45,04;282,23;18,67;172,14;15,24;708,63;25,36;26189,42;175,22;31371,36;235,25;;;;;;;;;;;;;;;;;;;;;;;;
27;19.09.2023 10:26;TestAll Geo;300,42;ppm;Final;;;;;;;Juan-Marco Puerta Schardt;<LOD;1,5;106,73;1,96;201,42;2,23;<LOD;3,48;159,71;2,33;5,4;0,52;26,95;2,44;<LOD;1,5;13,19;2,07;<LOD;21,8;0,44;0,11;160,1;5,76;<LOD;25,04;34,77;6,23;103,89;11,57;<LOD;69,05;43109,05;149;612,13;28,6;<LOD;5,37;<LOD;3,03;888842,44;450,66;16,03;1,27;25,03;1,49;<LOD;38,36;<LOD;1,5;<LOD;1,5;<LOD;1,5;240,04;18,84;133,1;7,09;4598,58;44,91;244,77;18,28;160,07;15,09;722,59;25,34;26103,45;174,79;31419,84;235,26;;;;;;;;;;;;;;;;;;;;;;;;
28;19.09.2023 10:31;TestAll Geo;301,08;ppm;Final;;;;;;;Juan-Marco Puerta Schardt;<LOD;1,5;109,26;1,98;204,22;2,25;<LOD;3,55;160,36;2,32;4,87;0,5;26,15;2,43;<LOD;1,5;14,35;2,08;<LOD;21,33;0,32;0,11;157,54;5,72;<LOD;24,68;35,09;6,25;112,06;11,66;<LOD;69,08;43448,74;149,55;602,05;28,5;<LOD;5,37;<LOD;3,11;888362,75;451,23;17,06;1,28;24,67;1,49;<LOD;37,98;<LOD;1,5;<LOD;1,5;<LOD;1,5;231,53;18,86;133,76;7,04;4589,3;44,4;262,73;18,57;160,06;15,2;701,12;25,43;26284,29;173,65;31484,91;232,99;;;;;;;;;;;;;;;;;;;;;;;;
29;19.09.2023 10:36;TestAll Geo;300,38;ppm;Final;;;;;;;Juan-Marco Puerta Schardt;<LOD;1,5;106,61;1,96;201,12;2,23;<LOD;3,51;158,25;2,32;5,43;0,52;25,5;2,42;<LOD;1,5;12,7;2,05;<LOD;21,84;0,37;0,11;149,16;5,62;<LOD;24,78;35,1;6,25;121,21;11,78;<LOD;69,29;43124,39;149,12;596,03;28,42;<LOD;5,3;<LOD;3,03;888769,25;450,37;16,11;1,27;23,98;1,47;<LOD;38,39;<LOD;1,5;<LOD;1,5;<LOD;1,5;226,16;18,94;134,93;7,09;4587,94;44,69;254,38;18,27;160,86;15,02;711,37;25,17;26195,85;174,49;31377,81;234,21;;;;;;;;;;;;;;;;;;;;;;;;
30;19.09.2023 10:42;TestAll Geo;300,04;ppm;Final;;;;;;;Juan-Marco Puerta Schardt;<LOD;1,5;106,94;1,97;202,59;2,25;<LOD;3,53;159,66;2,34;5,2;0,51;27,61;2,47;<LOD;1,5;12,36;2,08;<LOD;21,66;0,32;0,11;154,12;5,72;<LOD;25,58;33,43;6,26;118,01;11,75;<LOD;69,34;43496,77;150,39;653,3;29,23;<LOD;5,4;<LOD;3,08;888162,25;453,19;16,45;1,28;24,29;1,49;<LOD;38,12;<LOD;1,5;<LOD;1,5;<LOD;1,5;215,98;19,16;134,37;7,13;4598,8;44,83;270,76;18,52;167,92;15,17;728,03;25,39;26319,87;175,19;31481,04;234,89;;;;;;;;;;;;;;;;;;;;;;;;
31;19.09.2023 10:47;TestAll Geo;300,45;ppm;Final;;;;;;;Juan-Marco Puerta Schardt;<LOD;1,5;110,04;1,97;203,36;2,24;<LOD;3,48;160,33;2,32;5,2;0,51;26,45;2,42;<LOD;1,5;12,96;2,06;<LOD;21,69;0,51;0,11;156,07;5,69;<LOD;24,86;28,91;6,14;124,12;11,73;<LOD;68,73;43437,98;149,12;626,36;28,72;<LOD;5,44;<LOD;3,15;888520,5;451,86;16,5;1,28;26,1;1,5;<LOD;38,58;<LOD;1,5;<LOD;1,5;<LOD;1,5;232,47;18,96;133,2;7,1;4612,97;44,88;261,65;18,62;172,73;15,36;719,85;25,59;26219,27;174,65;31255,95;233,99;;;;;;;;;;;;;;;;;;;;;;;;
32;19.09.2023 10:52;TestAll Geo;301,02;ppm;Final;;;;;;;Juan-Marco Puerta Schardt;<LOD;1,5;106,77;1,98;201,85;2,25;<LOD;3,55;158,64;2,34;5,4;0,52;26;2,44;<LOD;1,5;13,85;2,08;<LOD;22,09;0,26;0,1;152,7;5,7;<LOD;24,93;36,23;6,3;122,03;11,83;<LOD;69,53;43148,27;150,02;635,03;29,06;<LOD;5,31;<LOD;3,08;888922,75;454,31;16,58;1,29;23,95;1,49;<LOD;39,09;<LOD;1,5;<LOD;1,5;<LOD;1,5;231,15;18,99;139,7;7,15;4588,25;44,84;258,68;18,31;161,33;15,02;707,41;25,15;26103,74;174,81;31372,25;235,02;;;;;;;;;;;;;;;;;;;;;;;;
33;19.09.2023 10:58;TestAll Geo;301;ppm;Final;;;;;;;Juan-Marco Puerta Schardt;<LOD;1,5;106,8;1,96;203,89;2,23;<LOD;3,53;159,81;2,32;5,68;0,52;28,47;2,46;<LOD;1,5;14,13;2,1;<LOD;21,48;0,44;0,11;154,7;5,65;<LOD;24,57;27,25;6,1;127,8;11,74;<LOD;68,62;43419,68;148,74;621,08;28,61;<LOD;5,4;<LOD;3,1;888496,56;451,3;16,54;1,28;24,79;1,48;<LOD;39,04;<LOD;1,5;<LOD;1,5;<LOD;1,5;229,13;18,94;132,9;7,1;4596,31;44,84;269,93;18,62;167,16;15,25;704,5;25,42;26170,61;174,7;31487,89;235,1;;;;;;;;;;;;;;;;;;;;;;;;
34;19.09.2023 11:03;TestAll Geo;300,36;ppm;Final;;;;;;;Juan-Marco Puerta Schardt;<LOD;1,5;107,66;1,96;200,63;2,22;<LOD;3,54;159,7;2,31;5,05;0,51;26,45;2,43;<LOD;1,5;13,32;2,06;<LOD;21,67;0,36;0,11;154,12;5,66;<LOD;24,58;36,67;6,24;113,08;11,57;<LOD;68,49;43351,14;148,87;638,58;28,83;<LOD;5,42;<LOD;3,06;888224,63;454,28;17,27;1,29;25,26;1,5;<LOD;37,62;<LOD;1,5;<LOD;1,5;<LOD;1,5;240,41;19,08;138,58;7,18;4637,92;45,14;283,27;18,72;175,22;15,31;742,32;25,57;26203,76;175,07;31729,04;236,29;;;;;;;;;;;;;;;;;;;;;;;;
35;19.09.2023 11:09;TestAll Geo;300,64;ppm;Final;;;;;;;Juan-Marco Puerta Schardt;<LOD;1,5;107,17;1,96;203,02;2,23;<LOD;3,53;160,57;2,33;5,71;0,52;27,54;2,45;<LOD;1,5;11,72;2,05;<LOD;21,69;0,27;0,1;155,07;5,68;<LOD;24,87;34,69;6,22;116,9;11,67;<LOD;68,83;43371,75;148,93;639,04;28,87;<LOD;5,44;<LOD;3,07;888309,94;450,1;16,68;1,28;23,99;1,48;<LOD;38,85;<LOD;1,5;<LOD;1,5;<LOD;1,5;230,18;18,92;138,93;7,09;4629,75;44,53;264,33;18,56;168,14;15,25;735,93;25,56;26343,5;173,55;31367,81;232,18;;;;;;;;;;;;;;;;;;;;;;;;
36;19.09.2023 11:14;TestAll Geo;300,92;ppm;Final;;;;;;;Juan-Marco Puerta Schardt;<LOD;1,5;107,09;1,96;202,49;2,24;5,23;2,39;160,17;2,33;5,32;0,51;28,2;2,46;<LOD;1,5;11,74;2,07;<LOD;21,94;0,41;0,11;150,79;5,65;<LOD;25,3;38,68;6,3;123,17;11,73;<LOD;68,77;43205,52;149;631,98;28,84;<LOD;5,36;<LOD;3,04;888593,81;448,53;15,58;1,26;24,2;1,47;<LOD;38,1;<LOD;1,5;<LOD;1,5;<LOD;1,5;229,97;18,81;135,84;7,08;4620,68;44,71;263,18;18,41;169,09;15,14;720,33;25,29;26222,38;174,02;31425,1;233,61;;;;;;;;;;;;;;;;;;;;;;;;
37;19.09.2023 11:41;TestAll Geo;1,7;ppm;Final;;;;;;;Juan-Marco Puerta Schardt;<LOD;1,5;92,86;34,18;222,68;42,18;<LOD;60,88;166,24;41,63;<LOD;2196,54;<LOD;79,77;<LOD;20,05;<LOD;90,81;<LOD;369,01;<LOD;3,5;169,99;104,88;<LOD;404,34;<LOD;159,71;<LOD;324,07;<LOD;1233,79;43572,43;2701,23;<LOD;799,11;<LOD;132,35;<LOD;115,35;948970,88;5061,74;<LOD;28,8;<LOD;36,71;<LOD;541,79;<LOD;1,5;<LOD;1,5;<LOD;1,5;<LOD;1346,52;<LOD;1149,83;<LOD;5345,3;;;;;;;;;;;;;;;;;;;;;;;;;;;;;;;;;;
38;19.09.2023 11:47;TestAll Geo;300,14;ppm;Final;;;;;;;Juan-Marco Puerta Schardt;<LOD;1,5;107,09;1,96;196,41;2,21;<LOD;3,52;156,91;2,31;5,48;0,52;25,82;2,43;<LOD;1,5;11,64;2,04;<LOD;21,6;0,38;0,11;147,12;5,61;<LOD;25,27;33;6,22;114,01;11,68;<LOD;68,89;42677;148,54;622,93;28,8;<LOD;5,41;<LOD;3,03;891263,06;441,7;16,27;1,27;25,02;1,48;<LOD;37,99;<LOD;1,5;<LOD;1,5;<LOD;1,5;219,17;19,17;134,53;7,05;4536,66;44,05;262,19;18,42;171,06;15,18;742,01;25,41;25023,37;169,11;30547,49;229,6;;;;;;;;;;;;;;;;;;;;;;;;
41;19.09.2023 12:32;TestAll Geo;300,75;ppm;Final;;;;;;;Juan-Marco Puerta Schardt;<LOD;1,5;<LOD;62,7;<LOD;60,42;<LOD;300000;22651,08;163,45;15098,85;1281,86;<LOD;136,32;30573,96;219,59;4405,47;72,3;543378,06;1514,09;<LOD;300000;9475,79;157,08;<LOD;300000;19110,43;221,87;1718,21;119,04;701,01;105,43;6453,33;236,58;1652,56;187,07;<LOD;96,33;305809,94;1018,68;<LOD;1,5;435,8;19,81;<LOD;51,6;<LOD;652,56;<LOD;1,5;<LOD;1,5;<LOD;1,5;<LOD;148,35;<LOD;27,19;1320,86;57,26;541,38;191,42;286,18;153,44;541,78;238,21;18302,45;279,29;17431,98;311,52;;;;;;;;;;;;;;;;;;;;;;;;
44;19.09.2023 12:43;TestAll Geo;300,87;ppm;Final;;;;;;;Juan-Marco Puerta Schardt;<LOD;1,5;<LOD;121,93;<LOD;38,99;<LOD;300000;<LOD;41,37;<LOD;5893,99;<LOD;195,52;<LOD;113,2;<LOD;106,95;<LOD;3318,28;<LOD;300000;299,9;171,03;<LOD;300000;<LOD;620,67;1638,67;719,26;<LOD;441,37;7821,24;748,35;650,1;357,41;<LOD;484,19;<LOD;276,78;338714,88;72416,36;<LOD;93,81;68,76;36,85;<LOD;1386,42;<LOD;1,5;<LOD;1,5;<LOD;1,5;<LOD;877,16;<LOD;160,3;812,55;201,72;<LOD;3723,04;<LOD;2863,09;<LOD;4191,76;7457,98;671,05;59059,12;3811,87;;;;;;;;;;;;;;;;;;;;;;;;
45;19.09.2023 12:57;TestAll Geo;300,44;ppm;Final;;;;;;;Juan-Marco Puerta Schardt;<LOD;1,5;<LOD;791,51;<LOD;44,2;<LOD;300000;<LOD;359,18;<LOD;18310,16;556036,25;14175,74;97,59;55,97;29266,14;960,46;<LOD;471,7;<LOD;300000;132,76;27,74;<LOD;300000;99,18;37,25;508,19;75,48;343,42;62,06;494,71;106,4;557,59;119,21;<LOD;21,78;344,19;28,28;353658,5;18047,17;357,54;177,66;<LOD;227,31;<LOD;5392,24;<LOD;1,5;<LOD;1,5;<LOD;1,5;<LOD;66,72;44,11;10,43;<LOD;45,19;531,09;101,92;316,01;80,93;675,41;123,74;46342,81;1061,55;2247,36;171,48;;;;;;;;;;;;;;;;;;;;;;;;
46;19.09.2023 13:07;TestAll Geo;463,16;ppm;Final;;;;;;;Juan-Marco Puerta Schardt;<LOD;1,5;90,43;8,49;58,18;2,58;<LOD;300000;18,69;4,09;<LOD;543,37;1016;20,63;<LOD;4,22;654,09;24,64;<LOD;63,47;<LOD;300000;5573,47;56,4;<LOD;300000;228150,75;1133,32;85,5;22,27;<LOD;25,18;2063,96;42,42;<LOD;35,37;<LOD;8,94;101,6;6,5;717377,31;1322,78;<LOD;3,73;15,72;2,78;<LOD;136,25;<LOD;1,5;<LOD;1,5;<LOD;1,5;<LOD;19,09;17,16;3,18;393,19;11,47;167,13;26,64;83,19;21,63;189,48;34,3;39605,47;217,69;4019,93;76,82;;;;;;;;;;;;;;;;;;;;;;;;
48;19.09.2023 14:58;TestAll Geo;300,07;ppm;Final;;;;;;;Juan-Marco Puerta Schardt;<LOD;1,5;108,81;1,97;202,88;2,24;<LOD;3,49;158,15;2,31;4,95;0,51;28,78;2,48;<LOD;1,5;14,12;2,11;<LOD;21,84;0,43;0,11;157,68;5,73;<LOD;25,04;32,51;6,22;131,12;11,83;<LOD;68,77;43112,2;149,09;604,63;28,53;<LOD;5,4;<LOD;3,08;889353,13;445,1;17,16;1,27;25,05;1,48;<LOD;37,56;<LOD;1,5;<LOD;1,5;<LOD;1,5;214,84;19,14;137,58;7,07;4549,87;44,05;266,81;18,4;167,09;15,09;693,62;25,11;26366,37;173,26;30648,33;229,16;;;;;;;;;;;;;;;;;;;;;;;;
52;19.09.2023 15:39;TestAll Geo;300,89;ppm;Final;;;;;;;Juan-Marco Puerta Schardt;<LOD;1,5;<LOD;126,1;<LOD;8,26;<LOD;300000;4092,01;135,75;73784,94;3747,46;1985,16;81,68;<LOD;30,5;862,72;75,84;1024,34;153,14;<LOD;300000;224,26;63,29;<LOD;300000;117565,55;3291,07;<LOD;128,75;<LOD;105,01;2233,43;157,31;<LOD;187,9;<LOD;82,78;411458,91;14198,45;364269,69;21878,94;<LOD;90,45;<LOD;45,03;<LOD;3103,94;<LOD;1,5;<LOD;1,5;<LOD;1,5;<LOD;44,78;69,79;7,53;641,15;28,73;233,2;145,54;<LOD;173,91;366,94;189,96;14330,2;406,23;9253;181,32;;;;;;;;;;;;;;;;;;;;;;;;
53;19.09.2023 15:46;TestAll Geo;302,73;ppm;Final;;;;;;;Juan-Marco Puerta Schardt;<LOD;1,5;<LOD;237,04;40,17;7,51;<LOD;300000;5081,21;175,99;154774,8;6863,6;1676,69;68,68;<LOD;41,07;1849,57;110,94;1270,17;125,91;<LOD;300000;190,92;41,38;<LOD;300000;53469,65;1634,9;266,28;75,03;<LOD;86,52;3355,79;171,25;<LOD;158,3;<LOD;81,91;373685,03;12887,02;353753,25;22345;<LOD;86,91;<LOD;42,3;<LOD;2855,81;<LOD;1,5;<LOD;1,5;<LOD;1,5;<LOD;44,8;58,93;7,62;1091,89;42,84;<LOD;183,22;<LOD;155,97;266,14;167,09;40311,55;1164,75;9533,61;220,79;;;;;;;;;;;;;;;;;;;;;;;;
54;19.09.2023 15:53;TestAll Geo;302,52;ppm;Final;;;;;;;Juan-Marco Puerta Schardt;<LOD;1,5;<LOD;104,07;387,32;13,1;<LOD;300000;4138,1;104,62;82630,53;3091,21;1158,65;42,94;<LOD;21,93;987,85;56,34;631,55;93,15;<LOD;300000;143,14;34,09;<LOD;300000;41117,86;935,74;622,95;71,16;<LOD;76,28;2117,71;122,07;<LOD;144,83;<LOD;55,86;250789,28;6596,06;470556,91;13588,17;<LOD;104,06;<LOD;45,04;<LOD;3108,59;<LOD;1,5;<LOD;1,5;<LOD;1,5;<LOD;35,76;25,27;5,75;880,07;29,62;223,66;94,3;116,08;75,85;248,64;119,73;98399,79;1990,49;10082,27;183,54;;;;;;;;;;;;;;;;;;;;;;;;
56;19.09.2023 16:10;TestAll Geo;300,16;ppm;Final;;;;;;;Juan-Marco Puerta Schardt;<LOD;1,5;78,14;19,85;475,02;9,63;<LOD;300000;30,92;9,57;<LOD;1312,29;4342,71;66,79;<LOD;8,4;575,33;53,61;200,16;63,99;<LOD;300000;40769,43;327,95;<LOD;300000;222480,55;1646,23;124,12;29,15;<LOD;42,61;4407,88;77,38;<LOD;47,3;37,91;8,61;162,06;8,78;552317,44;2872,95;<LOD;7,84;52,02;6,99;<LOD;365,66;<LOD;1,5;<LOD;1,5;<LOD;1,5;<LOD;31,48;8,21;5,2;556,62;20,97;77,12;29,87;<LOD;36,87;<LOD;58,84;167776,22;881,56;4703,95;117,81;;;;;;;;;;;;;;;;;;;;;;;;
58;19.09.2023 16:23;TestAll Geo;300,62;ppm;Final;;;;;;;Juan-Marco Puerta Schardt;<LOD;1,5;107,09;1,98;201,33;2,25;<LOD;3,53;157,09;2,33;5,3;0,52;25,29;2,43;<LOD;1,5;13,38;2,07;<LOD;22,17;0,36;0,11;146,01;5,63;<LOD;25,27;30,57;6,23;122,89;11,83;<LOD;69,55;42982,61;150,09;658,73;29,41;<LOD;5,39;<LOD;3,06;890453,13;447,74;15,95;1,28;25,49;1,5;<LOD;39,24;<LOD;1,5;<LOD;1,5;<LOD;1,5;243,46;18,94;139,15;7,08;4531,2;44,3;246,72;18,32;162,3;15,13;697,19;25,27;25503,13;171,86;30584,83;231,15;;;;;;;;;;;;;;;;;;;;;;;;
60;19.09.2023 17:02;TestAll Geo;301,01;ppm;Final;;;;;;;Juan-Marco Puerta Schardt;<LOD;1,5;<LOD;436,96;174,9;12,39;<LOD;300000;292,5;138,99;<LOD;15539,35;110887,46;3472,34;<LOD;69,46;3830,86;347,92;<LOD;221,52;<LOD;300000;2793,33;93,48;<LOD;300000;251113,47;5521,07;352,18;46,24;<LOD;53,38;2190,37;85,04;<LOD;78,9;83,98;14,95;396,27;18,33;409627,03;6424,65;<LOD;133,21;193,53;57,47;<LOD;4694,08;<LOD;1,5;<LOD;1,5;<LOD;1,5;<LOD;42,14;26,31;6,84;345,54;23,6;<LOD;72,42;<LOD;58,94;<LOD;97,64;198569,09;3085,73;2734,2;143,99;;;;;;;;;;;;;;;;;;;;;;;;
64;19.09.2023 17:49;TestAll Geo;300,6;ppm;Final;;;;;;;Juan-Marco Puerta Schardt;<LOD;1,5;306,24;4,39;42,31;1,58;<LOD;300000;11,77;1,36;<LOD;139,63;<LOD;2,85;<LOD;1,58;<LOD;4,8;<LOD;34,88;<LOD;300000;<LOD;6,78;<LOD;300000;<LOD;15,26;<LOD;31,98;<LOD;133,82;128008,38;501,24;290,52;40,61;<LOD;8,5;<LOD;5,29;844704,19;665,08;7,58;1,54;5,71;1,25;<LOD;37,46;<LOD;1,5;<LOD;1,5;<LOD;1,5;99,89;22,19;45,6;5,86;981,33;25,14;189,94;25,4;104,82;20,71;272,58;32,97;20430,43;167,3;4527,67;112,71;;;;;;;;;;;;;;;;;;;;;;;;
68;19.09.2023 18:16;TestAll Geo;301,19;ppm;Final;;;;;;;Juan-Marco Puerta Schardt;<LOD;1,5;107,2;1,95;199,23;2,21;5,3;2,36;157,5;2,29;5;0,5;26,14;2,41;<LOD;1,5;12,82;2,04;<LOD;21,54;0,37;0,11;153,49;5,63;<LOD;24,81;32,04;6,16;130,62;11,73;<LOD;68,32;42882,25;147,63;632,78;28,59;<LOD;5,37;<LOD;3,03;889889,69;445,94;17,54;1,27;24,39;1,47;<LOD;37,41;<LOD;1,5;<LOD;1,5;<LOD;1,5;221,45;19,31;138,07;7,17;4571,6;44,73;270,59;18,39;175,22;15,12;732,05;25,22;25445,79;172,14;31067,58;233,7;;;;;;;;;;;;;;;;;;;;;;;;
69;21.09.2023 10:17;TestAll Geo;300,73;ppm;Final;;;;;;;Juan-Marco Puerta Schardt;<LOD;1,5;105,17;1,96;203,13;2,25;<LOD;3,47;157,26;2,32;5,43;0,52;27,2;2,45;<LOD;1,5;12,5;2,07;<LOD;21,65;0,42;0,11;152,67;5,69;<LOD;25,23;28,19;6,16;114,29;11,71;<LOD;69,1;43054,98;149,39;643,19;29,04;<LOD;5,41;<LOD;3,08;890366,69;444,96;15,7;1,27;25,4;1,49;<LOD;38,21;<LOD;1,5;<LOD;1,5;<LOD;1,5;237,57;18,88;135,26;7,04;4602,94;44,41;264,78;18,55;166,12;15,22;711,66;25,42;25474,69;170,78;30635,36;230,01;;;;;;;;;;;;;;;;;;;;;;;;
70;21.09.2023 10:22;TestAll Geo;301,27;ppm;Final;;;;;;;Juan-Marco Puerta Schardt;<LOD;1,5;109,43;1,97;203;2,24;<LOD;3,48;158,34;2,31;5,04;0,51;26,95;2,44;<LOD;1,5;14,38;2,09;<LOD;21,62;0,35;0,11;151,65;5,64;<LOD;24,82;33,13;6,21;116,95;11,71;<LOD;68,98;43145,66;148,85;655,53;29,12;<LOD;5,41;<LOD;3,09;890374;444,43;16,27;1,28;24,47;1,48;<LOD;37,97;<LOD;1,5;<LOD;1,5;<LOD;1,5;226,24;19,01;132,82;7,02;4558,76;44,07;269,62;18,5;157,72;15,07;713,94;25,3;25394,66;169,93;30587,32;229,13;;;;;;;;;;;;;;;;;;;;;;;;
71;21.09.2023 10:28;TestAll Geo;300,84;ppm;Final;;;;;;;Juan-Marco Puerta Schardt;<LOD;1,5;106,73;1,95;201,28;2,22;<LOD;3,5;159,05;2,31;5,56;0,52;26,6;2,43;<LOD;1,5;12,44;2,05;<LOD;21,38;0,33;0,11;149,73;5,6;<LOD;24,97;32,52;6,18;125,8;11,72;<LOD;68,37;43041,15;148,15;594,06;28,17;<LOD;5,38;<LOD;3,09;890251,44;445,71;16,55;1,28;24,36;1,48;<LOD;38,22;<LOD;1,5;<LOD;1,5;<LOD;1,5;229,95;19,22;130,55;7,1;4600,75;44,75;286,84;18,69;171,88;15,22;722,62;25,38;25478,46;171,83;30613,91;231,53;;;;;;;;;;;;;;;;;;;;;;;;
72;21.09.2023 10:33;TestAll Geo;300,61;ppm;Final;;;;;;;Juan-Marco Puerta Schardt;<LOD;1,5;108,29;1,97;201,83;2,23;<LOD;3,48;158,75;2,31;4,79;0,5;27,7;2,45;<LOD;1,5;13,01;2,08;<LOD;21,69;0,37;0,11;152,11;5,65;<LOD;24,89;26,16;6,11;120,97;11,76;<LOD;69,09;43247,23;149,14;630,18;28,8;<LOD;5,39;<LOD;3,08;889645;446,73;17;1,27;24,91;1,48;<LOD;37,5;<LOD;1,5;<LOD;1,5;<LOD;1,5;221,23;19,24;135,8;7,13;4581,62;44,65;277,19;18,58;164,64;15,14;716,86;25,34;25643,38;172,39;30930,48;232,54;;;;;;;;;;;;;;;;;;;;;;;;
73;21.09.2023 10:38;TestAll Geo;300,48;ppm;Final;;;;;;;Juan-Marco Puerta Schardt;<LOD;1,5;105,21;1,96;202,28;2,24;<LOD;3,51;160,14;2,33;5,61;0,52;26,43;2,43;<LOD;1,5;13,78;2,08;<LOD;21,67;0,41;0,11;152,31;5,66;<LOD;24,89;34,07;6,23;117,17;11,7;<LOD;68,91;43134,48;149,06;624,74;28,76;<LOD;5,32;<LOD;3,04;890123,06;446,23;15,65;1,27;25,46;1,49;<LOD;38,6;<LOD;1,5;<LOD;1,5;<LOD;1,5;210,55;19,54;132,61;7,15;4558,22;44,62;273,8;18,46;166,8;15,09;715,29;25,21;25483,98;172,19;30610,09;231,92;;;;;;;;;;;;;;;;;;;;;;;;
74;21.09.2023 10:44;TestAll Geo;301,24;ppm;Final;;;;;;;Juan-Marco Puerta Schardt;<LOD;1,5;106,67;1,96;202,85;2,23;<LOD;3,5;157,73;2,3;4,92;0,5;28,07;2,46;<LOD;1,5;12,79;2,08;<LOD;21,79;0,42;0,11;149,7;5,6;<LOD;24,47;31,45;6,17;122;11,69;<LOD;68,62;43136,08;148,61;630,11;28,69;<LOD;5,38;<LOD;3,07;889846,5;448,59;16,09;1,27;25,11;1,49;<LOD;38,03;<LOD;1,5;<LOD;1,5;<LOD;1,5;228,93;19,36;130,39;7,13;4557,93;44,83;261,58;18,45;157,59;15,09;691,77;25,25;25750,93;173,71;30702,48;233,16;;;;;;;;;;;;;;;;;;;;;;;;
75;21.09.2023 10:49;TestAll Geo;300,27;ppm;Final;;;;;;;Juan-Marco Puerta Schardt;<LOD;1,5;105,93;1,96;202,3;2,24;<LOD;3,52;158,23;2,31;5,06;0,51;27,82;2,46;<LOD;1,5;11,7;2,06;<LOD;21,72;0,29;0,1;153,71;5,68;<LOD;25,05;35,72;6,26;122,68;11,76;<LOD;69,05;43180,13;149,05;618,4;28,67;<LOD;5,35;<LOD;3,04;889648,13;448,62;17,55;1,28;24,17;1,47;<LOD;37,56;<LOD;1,5;<LOD;1,5;<LOD;1,5;242,27;19,28;147,17;7,25;4541,12;44,86;276,53;18,47;160,88;15,02;715,48;25,19;25800,64;174,43;30958,74;234,76;;;;;;;;;;;;;;;;;;;;;;;;
76;21.09.2023 10:55;TestAll Geo;300,93;ppm;Final;;;;;;;Juan-Marco Puerta Schardt;<LOD;1,5;107,41;1,95;201,03;2,22;<LOD;3,45;156,21;2,3;5,93;0,52;26,25;2,42;<LOD;1,5;11,65;2,03;<LOD;21,24;0,4;0,11;151,28;5,61;<LOD;24,54;39,61;6,27;119,63;11,62;<LOD;68,43;43189,19;148,27;593,18;28,27;<LOD;5,35;<LOD;3,06;889704,13;447,97;16,47;1,28;25,67;1,49;<LOD;38,97;<LOD;1,5;<LOD;1,5;<LOD;1,5;229,76;19,16;133,38;7,09;4579,97;44,58;268,02;18,47;170,61;15,17;707,32;25,25;25601,58;172,08;30862,85;232,1;;;;;;;;;;;;;;;;;;;;;;;;
77;21.09.2023 11:00;TestAll Geo;301,2;ppm;Final;;;;;;;Juan-Marco Puerta Schardt;<LOD;1,5;108,73;1,96;201,2;2,22;<LOD;3,47;156,93;2,3;5,22;0,51;25,56;2,41;<LOD;1,5;13,94;2,06;<LOD;22,11;0,35;0,11;153,53;5,65;<LOD;24,81;27,14;6,1;123,07;11,69;<LOD;68,59;43226,01;148,65;594,33;28,29;<LOD;5,31;<LOD;3,05;890053,5;444,05;16,35;1,26;23,84;1,46;<LOD;37,36;<LOD;1,5;<LOD;1,5;<LOD;1,5;235,27;19,16;131,49;7,06;4559,8;44,39;252,46;18,34;151,82;15,01;716,73;25,31;25636,46;171,83;30718,01;231,07;;;;;;;;;;;;;;;;;;;;;;;;
78;21.09.2023 11:05;TestAll Geo;300,83;ppm;Final;;;;;;;Juan-Marco Puerta Schardt;<LOD;1,5;108;1,96;202,75;2,23;<LOD;3,51;159,23;2,31;5,3;0,51;26,02;2,42;<LOD;1,5;13,66;2,06;<LOD;21,94;0,33;0,11;148,4;5,58;<LOD;24,61;29,31;6,13;120,81;11,66;<LOD;68,52;43087,03;148,46;650,96;28,94;<LOD;5,31;<LOD;3,07;889958,63;445,31;16,67;1,27;24,1;1,47;<LOD;37,87;<LOD;1,5;<LOD;1,5;<LOD;1,5;218,8;19,23;141,02;7,17;4549,34;44,56;269,92;18,37;159,57;14,97;718,44;25,14;25661,18;172,7;30813,46;232,53;;;;;;;;;;;;;;;;;;;;;;;;
79;21.09.2023 11:11;TestAll Geo;300,08;ppm;Final;;;;;;;Juan-Marco Puerta Schardt;<LOD;1,5;107,97;1,97;202,4;2,24;<LOD;3,51;159,07;2,32;4,91;0,51;30,01;2,5;<LOD;1,5;11,33;2,09;<LOD;21,51;0,42;0,11;156,58;5,71;<LOD;24,74;30,47;6,18;119,32;11,72;<LOD;69,06;43332,38;149,41;632,4;28,86;<LOD;5,36;<LOD;3,03;889803,75;447,88;16,74;1,27;23,59;1,47;<LOD;37,69;<LOD;1,5;<LOD;1,5;<LOD;1,5;226,39;19,5;134,24;7,19;4568,14;44,97;254,69;18,39;164,99;15,15;726,92;25,39;25595,89;173,61;30921,98;234,47;;;;;;;;;;;;;;;;;;;;;;;;
80;21.09.2023 11:16;TestAll Geo;301,15;ppm;Final;;;;;;;Juan-Marco Puerta Schardt;<LOD;1,5;107,93;1,95;200,34;2,21;<LOD;3,51;159,71;2,31;5,12;0,51;26,01;2,42;<LOD;1,5;13,09;2,05;<LOD;21,68;0,31;0,11;154,63;5,66;<LOD;25,02;32,31;6,16;115,99;11,57;<LOD;68,35;43193,39;148,23;644,4;28,84;<LOD;5,3;<LOD;3,09;889672,56;447,96;16,11;1,27;24,11;1,48;<LOD;37,65;<LOD;1,5;<LOD;1,5;<LOD;1,5;234,79;19,12;134,88;7,13;4588,66;44,82;268,83;18,33;170,58;15,05;715,49;25,09;25615,61;172,71;30937,93;233,24;;;;;;;;;;;;;;;;;;;;;;;;
81;21.09.2023 11:46;TestAll Geo;304,67;ppm;Final;;;;;;;Juan-Marco Puerta Schardt;<LOD;1,5;<LOD;15,95;<LOD;13,31;<LOD;300000;80,48;7,4;1836,65;114,92;53,9;20,77;<LOD;48,84;607825,38;11439,66;<LOD;526,58;<LOD;300000;249,46;13,26;<LOD;300000;205,13;16,31;805,88;35,07;373,23;29,47;1654,22;75,71;1298,16;49,17;<LOD;28,7;<LOD;20,15;373595,97;11678,84;<LOD;12,45;<LOD;12,7;<LOD;44,49;<LOD;1,5;<LOD;1,5;<LOD;1,5;<LOD;60,41;30,05;9,6;220,71;31,32;561,55;99,84;405,18;82,11;607,39;121,92;3229,83;70,33;942,75;79,31;5,02;1,49;<LOD;1,5;;;;;;;;;;;;;;;;;;;;
82;21.09.2023 11:56;TestAll Geo;327,29;ppm;Final;;;;;;;Juan-Marco Puerta Schardt;<LOD;1,5;<LOD;38,94;26,23;4,49;<LOD;300000;<LOD;19,03;<LOD;1750,28;2565,92;73,43;<LOD;14,5;624,32;69,82;<LOD;164,65;<LOD;300000;46233,62;476,61;<LOD;300000;481049,72;4491,28;<LOD;57,08;<LOD;46,45;6039,17;87,45;<LOD;48,23;<LOD;16,18;592,57;21,71;451775,56;5022,55;<LOD;9,24;51,86;9,97;<LOD;507,05;<LOD;1,5;<LOD;1,5;<LOD;1,5;<LOD;31,17;49,19;6,4;1699,65;34,44;317,51;49,7;204;40,56;392,55;62,36;4204,19;69,15;1983,95;82,52;2,14;1,39;<LOD;1,5;;;;;;;;;;;;;;;;;;;;
90;21.09.2023 13:28;TestAll Geo;300,51;ppm;Final;;;;;;;Juan-Marco Puerta Schardt;<LOD;1,5;<LOD;135,38;11,44;6,64;<LOD;300000;72,94;43,53;<LOD;6014,67;8030,32;252,96;<LOD;41,95;8784,69;309,24;<LOD;332,06;<LOD;300000;18888,22;326,27;<LOD;300000;682116,31;9768,34;273,46;61,7;<LOD;77,75;18662,94;383,63;<LOD;59,77;<LOD;34,94;736,87;44,34;242683,36;12292,41;<LOD;37,86;<LOD;34,52;<LOD;1768,58;<LOD;1,5;<LOD;1,5;<LOD;1,5;<LOD;52;70,59;9,17;908,37;34,29;442,98;103,43;266,02;83,23;431,41;126,03;3924,8;112,16;4211,25;173,52;;;;;;;;;;;;;;;;;;;;;;;;
96;21.09.2023 15:40;TestAll Geo;330,04;ppm;Final;;;;;;;Juan-Marco Puerta Schardt;<LOD;1,5;108;2,78;193,22;3,1;<LOD;4,96;157,81;3,27;4,84;0,72;30,62;3,56;<LOD;2;12,76;3;<LOD;31,91;0,33;0,15;138,03;7,75;<LOD;35,63;29,16;8,74;133,46;16,78;<LOD;100,23;42138,37;208,71;592,99;40,16;<LOD;7,06;<LOD;4,12;579028,75;2833,92;17,68;1,63;24,1;1,88;<LOD;47,25;<LOD;1,5;<LOD;1,5;<LOD;1,5;208,33;11,65;140,32;7,39;4583,88;48,31;275,78;23,52;182,38;19,4;655,42;25,58;20003,37;132,71;28644,84;211,23;22,69;2,65;580,13;114,27;32,95;8,86;477,11;16,93;62,12;6,83;<LOD;0,76;40,25;5,94;136440,09;1594,18;1189,7;73,65;167417,56;897,7;6592,73;60,43;<LOD;1714,95
100;21.09.2023 16:34;TestAll Geo;330,64;ppm;Final;;;;;;;Juan-Marco Puerta Schardt;<LOD;1,5;116,18;63,03;50,84;8,01;<LOD;300000;<LOD;45,32;<LOD;4242,08;6404,07;154,4;<LOD;30,19;4332,22;182,05;<LOD;251,15;<LOD;300000;41450,61;358,31;<LOD;300000;494660,66;2995,64;135,52;62,61;<LOD;102,16;18582,96;259,43;<LOD;78,46;<LOD;22,45;25,22;11,48;<LOD;1,5;<LOD;22,44;26,25;16,92;<LOD;1065,53;<LOD;1,5;<LOD;1,5;<LOD;1,5;<LOD;42,08;83,47;8,69;990,88;36,38;353,28;69,38;270,28;57,7;432,86;85,37;6030,22;74,75;1489,36;70,89;<LOD;2,23;1436,46;113,11;133,93;36,01;519,36;66,46;146,73;29,02;16,58;2,48;99,35;27,28;195576,23;2547,64;20343,7;549,49;178326,69;1765,92;4135,79;67,09;<LOD;5823,13
101;21.09.2023 16:53;TestAll Geo;600;ppm;Final;;;;;;;Juan-Marco Puerta Schardt;<LOD;1,5;<LOD;135,41;17,78;6,17;<LOD;300000;76,23;43,07;<LOD;6016,36;7493,93;163,1;<LOD;38,81;12130,59;269,77;<LOD;268,76;<LOD;300000;20445,95;203,77;<LOD;300000;661895,19;3965,73;106,76;53,25;<LOD;58,1;7850,35;163,61;<LOD;58,49;<LOD;21,45;1005,78;34,93;<LOD;1,5;<LOD;32,38;<LOD;28,65;<LOD;1537,83;<LOD;1,5;<LOD;1,5;<LOD;1,5;187,59;5,16;42,9;4,68;337,17;15,47;318,67;67,09;223,36;55,39;391,2;84,3;2104,47;27,92;842,54;37,83;2,48;0,58;1906,74;75,36;755,59;60,4;1255,49;110,83;1315,27;65,81;78,05;5,5;220,21;48,55;129638,18;2569,71;22558,21;624,1;86572,34;1250,34;7354,21;116,12;<LOD;6476,95
107;21.09.2023 17:13;TestAll Geo;330,36;ppm;Final;;;;;;;Juan-Marco Puerta Schardt;<LOD;1,5;<LOD;163;15,34;8,47;<LOD;300000;<LOD;78,61;<LOD;7270,9;11404,09;281,38;<LOD;46,84;2732,62;251,9;<LOD;333,15;<LOD;300000;39418,11;382,5;<LOD;300000;636462,69;4123,56;<LOD;104,54;<LOD;85,65;9930,01;254;<LOD;77,45;<LOD;23,73;376,96;24,8;<LOD;1,5;<LOD;38,91;<LOD;40,86;<LOD;1842,34;<LOD;1,5;<LOD;1,5;<LOD;1,5;<LOD;42,4;66,01;7,95;793,44;29,87;342,47;73,33;206,51;59,24;374,83;90,16;3779,51;71,72;979,64;76,61;<LOD;2,17;4394,01;213,1;914,63;69,92;1549,04;133,79;420,19;54,85;39,67;5,03;249,85;54,46;137402;2924,79;42872,67;944,27;91756,08;1546,64;5264,63;102,45;<LOD;6753,45
108;21.09.2023 17:31;TestAll Geo;330,23;ppm;Final;;;;;;;Juan-Marco Puerta Schardt;<LOD;1,5;<LOD;208,68;14,76;7,65;<LOD;300000;125,25;66,43;9965,42;6129,92;10426,39;242,53;<LOD;53,3;5918,33;259,45;<LOD;289,44;<LOD;300000;12452,4;192,75;<LOD;300000;563153,88;3213,8;148,51;66,57;<LOD;84,22;10523,94;261,91;<LOD;82,96;<LOD;21,65;819,16;35,61;<LOD;1,5;<LOD;50,44;<LOD;42,56;<LOD;2355,02;<LOD;1,5;<LOD;1,5;<LOD;1,5;<LOD;40,2;45,24;7,78;843,05;34,43;261,14;68,06;157,43;55,23;294,35;84,87;2350,59;49,87;2306,45;80,66;4,13;1,06;2459,12;140,42;571,75;62,64;1156,43;117,88;1011,24;67,22;105,68;6,65;207,46;51,74;216200,97;3706,98;17949,31;635,26;119918,88;2227,92;6497,76;136,06;<LOD;5454,82
111;21.09.2023 17:51;TestAll Geo;318,12;ppm;Final;;;;;;;Juan-Marco Puerta Schardt;<LOD;1,5;108,14;2,73;200,36;3,09;<LOD;4,92;158,22;3,23;5,59;0,72;26,33;3,39;<LOD;2;13,08;2,87;<LOD;32,48;0,37;0,15;162,17;8,04;<LOD;34,66;35,84;8,7;121,95;16,25;<LOD;98,82;43537,71;207,97;608,45;39,69;<LOD;6,95;<LOD;4,09;568907,94;2936,11;16,9;1,6;25,9;1,87;<LOD;47,33;<LOD;1,5;<LOD;1,5;<LOD;1,5;207,36;11,56;140,64;7,33;4596,45;47,98;241,77;22,84;151,01;18,79;591,03;25,47;22264,12;138,39;28716,47;210,47;24,64;2,77;664,51;116,32;27,17;8,91;454,68;16,91;57,89;6,86;<LOD;0,75;43,88;6,07;139381,84;1669,16;1608,73;80,85;170346,13;915,59;6615,8;62,17;<LOD;1806,18
112;25.09.2023 09:44;TestAll Geo;330,08;ppm;Final;;;;;;;Juan-Marco Puerta Schardt;<LOD;1,5;101,73;3,09;204,72;3,58;<LOD;5,43;156,6;3,66;4,89;0,81;28,6;3,96;<LOD;2,68;10,71;3,31;<LOD;37,9;0,4;0,17;161,39;9,34;<LOD;44,79;21,75;10,66;89,03;19,76;<LOD;112,71;42181,66;234,83;575,77;44,63;<LOD;8,8;<LOD;5,32;673556,63;2596,36;16,66;1,83;24,84;2,12;<LOD;53,11;<LOD;1,5;<LOD;1,5;<LOD;1,5;118,19;7,45;130,1;7,31;2402,8;36,32;237,04;28,17;138,29;23,07;532,26;30,98;13949,02;87,02;16846,14;130,31;15,89;1,75;414,3;75,13;<LOD;16,36;472,46;21,06;62,64;8,53;<LOD;0,94;40,25;7,42;81863,48;1290,31;503,54;81,72;128305,26;852,47;6117,4;64,24;<LOD;1917,3
113;25.09.2023 10:19;TestAll Geo;330,19;ppm;Final;;;;;;;Juan-Marco Puerta Schardt;<LOD;1,5;104,87;3,09;207,32;3,57;<LOD;5,33;154,96;3,61;5,01;0,8;23,73;3,78;<LOD;2,66;16,85;3,32;<LOD;37,83;0,43;0,18;162,18;9,24;<LOD;43,06;24,51;10,59;89,49;19,45;<LOD;111,04;42220,59;232,68;541,96;43,66;<LOD;8,67;<LOD;5,37;665053,13;2641,09;17,02;1,81;24,18;2,09;<LOD;52,91;<LOD;1,5;<LOD;1,5;<LOD;1,5;122,81;7,48;125,37;7,28;2403,79;36,2;247,02;28,04;138,81;22,85;553,3;31,1;14163,33;87,61;16917,81;130,54;14,48;1,75;448,51;76,01;17,45;10,95;457,49;20,89;66,85;8,56;<LOD;0,93;43,48;7,5;85258,88;1327,67;669,35;83,94;132888,17;868,9;6241,4;65,16;<LOD;1930,18
114;25.09.2023 10:25;TestAll Geo;330,17;ppm;Final;;;;;;;Juan-Marco Puerta Schardt;<LOD;1,5;102,95;3,09;201,2;3,55;<LOD;5,51;155,88;3,65;4,96;0,81;30,84;4,02;<LOD;2,65;11,4;3,37;<LOD;38,4;0,35;0,17;158;9,25;<LOD;43,83;29,85;10,83;90,63;19,79;<LOD;113,09;42466,98;235,39;574,95;44,64;<LOD;8,89;<LOD;5,21;662788,56;2634,34;15,56;1,8;24,38;2,11;<LOD;52,94;<LOD;1,5;<LOD;1,5;<LOD;1,5;116,22;7,32;127,52;7,19;2384,79;35,65;214,17;27,73;127,22;22,81;544,19;31,26;13850,92;85,82;16770,9;128,69;17,3;1,73;428,81;74,53;<LOD;16,49;474,11;21,2;67,15;8,64;<LOD;0,95;37,96;7,41;86994,15;1329,26;590,89;82,42;133847,86;869,53;6338,19;65,13;<LOD;1889,47
115;25.09.2023 10:31;TestAll Geo;330,35;ppm;Final;;;;;;;Juan-Marco Puerta Schardt;<LOD;1,5;101,11;3,06;201,8;3,53;<LOD;5,49;154,06;3,61;5,23;0,81;29,67;3,94;<LOD;2,54;9,58;3,27;<LOD;38,51;0,33;0,17;157,26;9,18;<LOD;44,09;38,8;10,94;87,45;19,56;<LOD;111,99;42431,18;233,44;564,49;43,9;<LOD;8,76;<LOD;5,3;658428,81;2690,38;15,68;1,8;24,45;2,09;<LOD;52,82;<LOD;1,5;<LOD;1,5;<LOD;1,5;119,76;7,44;129,66;7,32;2415,03;36,28;222,25;27,85;119,86;22,72;499,5;30,29;14042,34;87,29;17062,73;131,02;16,25;1,75;416,86;75,28;<LOD;15,94;442,11;20,44;52,76;8,27;<LOD;0,92;34,34;7,15;89115,72;1362,32;658,5;84,09;135162,98;877,86;6354,87;65,83;<LOD;1946,41
116;25.09.2023 10:36;TestAll Geo;330,04;ppm;Final;;;;;;;Juan-Marco Puerta Schardt;<LOD;1,5;103,86;3,11;202,14;3,57;<LOD;5,51;157,14;3,67;<LOD;217,08;26,41;3,9;<LOD;2,62;12,01;3,3;<LOD;38,97;0,45;0,18;165,92;9,41;<LOD;43,54;25,27;10,76;112,64;20,08;<LOD;112,76;42371,59;235,71;563,8;44,58;<LOD;8,8;<LOD;5,31;656642,69;2703,59;17,05;1,82;23,97;2,11;<LOD;52,63;<LOD;1,5;<LOD;1,5;<LOD;1,5;121,76;7,44;127;7,28;2392,45;36,14;249,52;27,9;149,3;22,84;511,08;30,61;14191,94;87,62;16943,06;130,53;14,91;1,75;408,21;74,99;<LOD;16,19;433,49;20,51;62,02;8,45;<LOD;0,94;40,5;7,37;90146,52;1369,89;711,49;84,41;135941,28;880,9;6317,27;65,61;<LOD;1944,46
117;25.09.2023 10:42;TestAll Geo;330,05;ppm;Final;;;;;;;Juan-Marco Puerta Schardt;<LOD;1,5;104,29;3,09;203,99;3,55;<LOD;5,48;155,21;3,62;4,73;0,8;29,36;3,95;<LOD;2,6;9,5;3,27;<LOD;38,17;0,37;0,17;168,68;9,38;<LOD;42,95;30,06;10,77;111,65;19,91;<LOD;111,99;42655,04;234,37;611,92;45,19;<LOD;8,82;<LOD;5,31;653764,56;2701,16;18,08;1,82;24,57;2,1;<LOD;52,58;<LOD;1,5;<LOD;1,5;<LOD;1,5;125,08;7,47;131,59;7,33;2435,15;36,36;234,5;27,9;146,33;22,97;539,17;30,94;14157,18;87,47;17056,93;130,82;16,35;1,76;506,64;77,27;<LOD;16,29;451,04;20,78;53,47;8,39;<LOD;0,94;38,8;7,36;90675,86;1372,76;667,41;84,23;137772,08;883,95;6429,54;66,03;<LOD;1934,99
118;25.09.2023 10:48;TestAll Geo;330,36;ppm;Final;;;;;;;Juan-Marco Puerta Schardt;<LOD;1,5;104,17;3,09;203,8;3,55;<LOD;5,48;155,82;3,63;4,99;0,8;28,21;3,92;<LOD;2,62;11,48;3,29;<LOD;37,86;0,3;0,17;165,89;9,3;<LOD;42,05;32,83;10,79;90,15;19,59;<LOD;112,21;42554,28;233,96;566,13;44,14;<LOD;8,78;<LOD;5,34;652067,31;2711,14;17,39;1,81;23,36;2,08;<LOD;52,46;<LOD;1,5;<LOD;1,5;<LOD;1,5;122,17;7,28;128,77;7,1;2410,58;35,45;234,57;27,83;143,16;22,87;561,39;31,26;14129,12;85,56;17104,39;128,21;15,92;1,72;489,81;75,26;<LOD;16,43;457,36;20,95;57,04;8,48;<LOD;0,94;42,76;7,5;92172,54;1381,44;674,65;83,83;138087,44;884,1;6430,18;65,9;<LOD;1932,74
119;25.09.2023 11:06;TestAll Geo;330,47;ppm;Final;;;;;;;Juan-Marco Puerta Schardt;<LOD;1,5;107,85;2,76;198,98;3,12;<LOD;4,93;160,79;3,28;4,97;0,71;29,7;3,52;<LOD;2,06;11,12;2,93;<LOD;31,68;0,39;0,15;152,66;7,95;<LOD;34,73;33,24;8,74;128,91;16,56;<LOD;99,63;42697,63;208,6;590,19;39,73;<LOD;7,02;<LOD;4,04;587172,69;2737,81;17,15;1,62;24,36;1,88;<LOD;47,37;<LOD;1,5;<LOD;1,5;<LOD;1,5;218,01;11,62;133,22;7,22;4583,17;47,73;278;23,24;184,57;19,16;660,8;25,84;21154,25;134,88;28714,18;209,76;23,88;2,7;652,3;115,49;42,39;8,98;469,69;17,02;64,27;6,92;<LOD;0,76;35,5;5,9;130742,02;1526,72;1378,02;73,5;163605,88;874,92;6381,17;58,31;<LOD;1668,81
120;25.09.2023 11:15;TestAll Geo;330,58;ppm;Final;;;;;;;Juan-Marco Puerta Schardt;<LOD;1,5;<LOD;64,56;86,77;8,97;<LOD;300000;<LOD;31,35;<LOD;2887,7;4219,81;139,56;<LOD;23,04;999,66;119,61;<LOD;250,57;<LOD;300000;70840,74;1015,98;<LOD;300000;409016,34;5504,06;116,15;56,2;<LOD;74,94;7650,97;142,33;<LOD;79,27;<LOD;27,38;296,29;24,43;218040,33;11853,73;<LOD;16,03;107,01;14,9;<LOD;724,05;<LOD;1,5;<LOD;1,5;<LOD;1,5;148,49;6,98;30,94;8,47;512,11;29,46;413,25;84,16;236,56;67,45;929,34;93,24;2687,04;43,62;875,36;53,17;2,67;0,91;932,67;80,25;87,86;32,29;490,1;60,42;105,25;25,56;104,93;3,95;35,3;22,1;117860,65;3521,71;29421,19;675,82;94817,61;1307,48;8630,11;136,44;<LOD;6212,36
121;25.09.2023 11:24;TestAll Geo;330,63;ppm;Final;;;;;;;Juan-Marco Puerta Schardt;<LOD;1,5;<LOD;162,49;14,44;8,29;<LOD;300000;<LOD;77,85;<LOD;7236,26;6559,44;205,08;<LOD;49,7;8006,44;291,02;<LOD;378,13;<LOD;300000;19581,69;280,25;<LOD;300000;658639,38;5246,8;<LOD;117,13;<LOD;110,76;19387,18;431,28;<LOD;82,54;<LOD;32,31;621,82;39,98;<LOD;1,5;<LOD;39,2;<LOD;36,18;<LOD;1845,1;<LOD;1,5;<LOD;1,5;<LOD;1,5;174,33;7,29;47,16;7,1;400,11;23,7;294,63;98,09;154,95;79,15;324,78;123,85;1581,59;35,25;889,09;54,93;2,79;0,76;1498,64;98,79;493,76;66,45;964,75;123,25;663,87;63,69;20,87;4,68;177,27;52,69;126874,79;3301,09;25396,25;813;83237,6;1524,78;13016,76;239,72;<LOD;8547,15
122;25.09.2023 11:34;TestAll Geo;330,24;ppm;Final;;;;;;;Juan-Marco Puerta Schardt;<LOD;1,5;<LOD;292,66;34,12;10,72;<LOD;300000;<LOD;140,34;<LOD;12579,35;33856,23;697,77;<LOD;68,42;8605,74;415,52;<LOD;340,39;<LOD;300000;30569,53;301,25;<LOD;300000;526054,06;3219,13;118,21;67,4;<LOD;91,1;11261,73;303,86;<LOD;85,32;<LOD;25,79;82,26;15,77;<LOD;1,5;<LOD;71,26;118,99;43,96;<LOD;3210,65;<LOD;1,5;<LOD;1,5;<LOD;1,5;175,9;8,33;72,97;9,06;1336,89;35,02;282,19;75,64;278,32;65,3;383,85;95,45;2157,52;43,68;1594,92;66,52;3,08;0,92;3235,01;144,91;240,97;43,38;684,18;78,37;812,22;49,14;24,95;3,06;137,69;32,54;186946,14;3980,52;10997,33;684,07;150872,22;3392,25;5808;154,95;<LOD;5644,52
123;25.09.2023 12:34;TestAll Geo;330,25;ppm;Final;;;;;;;Juan-Marco Puerta Schardt;<LOD;1,5;404,82;4,45;216,03;3,27;<LOD;4,02;65,36;2,31;4,96;0,69;35,6;3,67;<LOD;1,76;7,07;2,97;<LOD;31,04;0,41;0,15;88,42;6,68;<LOD;33,89;65,82;9,19;89,94;15,88;<LOD;95,59;35012,77;190,45;327,56;34,94;<LOD;6,27;<LOD;3,58;557338,63;2418,63;39,7;1,94;103,35;2,57;<LOD;42,92;<LOD;1,5;<LOD;1,5;<LOD;1,5;155,4;10,7;157,07;6,78;7239,94;55,33;422,08;22,76;242,5;18,17;845,63;23,71;3534,79;55,35;10920,12;122,16;<LOD;1,66;323,39;80,51;20,55;7,84;440,15;14,79;50,77;5,97;<LOD;0,66;42,31;5,31;114350,52;1214;760,88;51,85;260451,53;1107,12;2703,82;33,62;<LOD;1266,26
124;25.09.2023 13:04;TestAll Geo;330,24;ppm;Final;;;;;;;Juan-Marco Puerta Schardt;<LOD;1,5;379,76;4,9;257,45;3,98;<LOD;4,72;73,27;2,72;<LOD;206,43;61,66;4,85;<LOD;2,64;<LOD;8,34;<LOD;39,16;<LOD;0,26;102,19;7,97;<LOD;43,3;56,17;11,34;38,31;19,02;<LOD;88,45;32150,4;204,47;330,36;38,76;<LOD;8,74;<LOD;5,29;585328,31;2753,39;37,6;2,27;180,88;3,68;<LOD;50,28;<LOD;1,5;<LOD;1,5;<LOD;1,5;75,73;5,64;149,85;7,09;4505,71;36,93;287,85;28,21;164,52;22,85;467,03;28,82;1816,52;28,33;6162,63;66,85;<LOD;0,85;296,28;47,44;<LOD;14,62;349,93;18,62;25,39;7,57;<LOD;0,84;28,55;6,65;97494,08;1314,95;<LOD;106,46;247939,13;1230,18;4583,9;53,8;<LOD;1711,08
125;25.09.2023 13:16;TestAll Geo;330,49;ppm;Final;;;;;;;Juan-Marco Puerta Schardt;<LOD;1,5;390,35;4,7;228,25;3,59;4,69;2,97;67,97;2,5;4,45;0,73;42,6;4,16;<LOD;2,44;6,6;3,34;<LOD;36,01;0,41;0,17;105,76;7,58;<LOD;39,72;66,38;10,7;100,42;18,44;84,06;53,74;29055,91;185,71;367,49;37,67;<LOD;8,15;<LOD;4,88;632281,5;2354,6;36,75;2,07;123,76;2,96;<LOD;45,06;<LOD;1,5;<LOD;1,5;<LOD;1,5;56,76;5,94;130,81;6,34;4382,24;38,57;442,09;29,07;256,82;23,23;1240,01;32,82;2105,31;32,23;7128,96;75,47;<LOD;0,94;301,93;51,33;93,89;10,51;496,05;19,59;83,82;8,06;<LOD;0,88;41,19;6,84;86840,01;1128,62;180,26;63,41;215680,69;1086,17;4508,71;48,61;<LOD;1433,82
126;25.09.2023 13:53;TestAll Geo;330,54;ppm;Final;;;;;;;Juan-Marco Puerta Schardt;<LOD;1,5;319,6;4,4;642,95;5,53;<LOD;4,55;56,61;2,34;5,56;0,89;298,37;8,02;<LOD;2,12;<LOD;12,71;<LOD;32,37;0,28;0,16;66,42;6,18;<LOD;34,02;269,97;12,8;106,28;16,05;<LOD;82,76;23449,26;156,29;418,49;35,97;<LOD;6,3;<LOD;3,56;529294,44;2688,34;33,31;1,95;116,91;2,79;<LOD;52,81;<LOD;1,5;<LOD;1,5;<LOD;1,5;134,01;10,84;223,32;7,45;8246,72;62,5;448,06;23,77;256,07;18,95;1993,94;28,25;8266,17;76,84;13001,29;128,98;3,13;1,53;577,05;87,06;33,58;7,8;427,85;14,48;43,15;5,8;<LOD;0,64;30,19;5;123238,09;1344,18;4203,69;85,14;277663,72;1218,12;2212,67;33,23;<LOD;1401,26
127;25.09.2023 14:30;TestAll Geo;330;ppm;Final;;;;;;;Juan-Marco Puerta Schardt;<LOD;1,5;318,07;4,43;529,85;5,17;<LOD;4,41;51,75;2,31;4,95;0,93;369,31;9,05;<LOD;2,26;<LOD;14,59;<LOD;33,4;0,5;0,17;55,76;6,16;<LOD;36,11;241,72;13,05;53,64;16,54;103,19;48,05;24709,82;165;652,04;41,34;<LOD;7,54;<LOD;4,38;644634,19;2279,52;32,36;1,99;114,69;2,86;<LOD;54,8;<LOD;1,5;<LOD;1,5;<LOD;1,5;83,37;7,51;250,64;7,18;5201,46;49,89;377,49;26,52;227,12;21,43;1919,91;34,03;5316,66;50,6;7961,02;85,21;3,01;1,03;715,57;68,3;72,61;9,72;496,47;18,26;65,1;7,34;<LOD;0,81;41,8;6,39;74940,18;1047,39;3154,22;87,05;212718,09;1096,18;3377,54;42,92;<LOD;1440,74
128;25.09.2023 14:46;TestAll Geo;330,57;ppm;Final;;;;;;;Juan-Marco Puerta Schardt;<LOD;1,5;317,42;4,39;642,4;5,53;<LOD;4,55;53,86;2,31;5,89;0,89;292,84;7,95;<LOD;2,03;<LOD;12,77;<LOD;31,09;0,43;0,16;67,69;6,2;<LOD;33,67;282,52;12,99;<LOD;28,21;104,96;44,81;22565,3;153,37;420,66;35,84;<LOD;6,38;<LOD;3,67;559248,06;2539,48;33,25;1,94;114,28;2,76;<LOD;52,65;<LOD;1,5;<LOD;1,5;<LOD;1,5;103,58;9,74;233,71;7,16;7854,08;59,5;408,76;23,73;221,25;18,87;1940,2;28,74;7616,16;69,3;11448,21;114,67;2,51;1,38;551,39;79,24;27,89;7,97;426,45;14,83;49,74;6;<LOD;0,65;32,26;5,17;109890,91;1243,48;3918,52;83,42;263608,5;1190,99;2244,64;33,56;<LOD;1347,34
129;25.09.2023 15:17;TestAll Geo;330,03;ppm;Final;;;;;;;Juan-Marco Puerta Schardt;<LOD;1,5;361,88;4,44;354,18;4,21;<LOD;4,24;58,32;2,32;5,51;0,75;76,49;4,71;<LOD;2,05;10,07;3,8;<LOD;32,06;0,37;0,16;64,55;6,16;<LOD;34,91;74,92;10,01;71,25;16,53;<LOD;71,28;25113,54;164,33;452,76;37,08;<LOD;7,35;<LOD;4,23;581588,63;2536,11;37,94;2,01;139,42;2,96;<LOD;46,05;<LOD;1,5;<LOD;1,5;<LOD;1,5;117,79;7,41;186,65;6,93;5545,26;47,35;385,35;25,57;220,56;20,46;884,09;28,2;3138,37;40,43;8396,02;85,77;1,49;0,81;283,03;56,57;<LOD;13,76;418,77;17,28;46,54;7,01;<LOD;0,78;37,92;6,17;101174,07;1244,89;715,46;66,53;254622,89;1185,87;3271,7;42,61;<LOD;1491,54
130;25.09.2023 15:28;TestAll Geo;426,42;ppm;Final;;;;;;;Juan-Marco Puerta Schardt;<LOD;1,5;<LOD;380,03;161,91;11,37;<LOD;300000;262,49;120,93;<LOD;13692,56;107474,56;3081,77;<LOD;63;3475,49;322,13;<LOD;218,81;<LOD;300000;2760,52;90,1;<LOD;300000;254379,81;5347,96;313,64;45,95;<LOD;54,19;2404,07;86,94;<LOD;75,83;82,92;21,05;348,22;23,94;292629,19;12205,32;<LOD;100,24;202,85;45,81;<LOD;3587,41;<LOD;1,5;<LOD;1,5;<LOD;1,5;<LOD;38,04;15,5;4,86;88,28;16,93;<LOD;107,11;<LOD;88,23;<LOD;137,37;80558,52;200,87;1589,85;65,38;<LOD;5,75;18480,34;268,42;;;;;;;;;;;21241,44;2359,06;<LOD;2252,36;65934,38;3116,77;37349,52;1924,62;<LOD;6203,73
131;25.09.2023 15:35;TestAll Geo;330,06;ppm;Final;;;;;;;Juan-Marco Puerta Schardt;<LOD;1,5;147,06;7,04;62,74;3,63;<LOD;300000;18,92;3,04;<LOD;310,34;<LOD;7,16;<LOD;5,91;<LOD;9,8;<LOD;85,03;<LOD;300000;<LOD;18,75;<LOD;300000;<LOD;39,11;121,26;52,3;<LOD;301,78;245597,88;1587,48;416,99;77,28;<LOD;16,22;<LOD;10,14;666271,44;3469,68;8,22;2,78;3,34;2,18;<LOD;75,76;<LOD;1,5;<LOD;1,5;<LOD;1,5;130,88;7,96;24,93;7,45;643,08;32,74;233,64;47,21;124,04;38,16;<LOD;73,24;1821,05;39,72;906,27;59,9;<LOD;1,28;591,2;89,22;<LOD;27,49;299,8;34,69;<LOD;21,05;<LOD;1,59;33,1;13,12;<LOD;1508,55;1604,12;124,54;62429,65;704,24;9466,57;97,46;<LOD;3761,87
132;25.09.2023 15:42;TestAll Geo;330,14;ppm;Final;;;;;;;Juan-Marco Puerta Schardt;<LOD;1,5;192,67;14,37;164,74;6,43;<LOD;300000;27,25;6,66;<LOD;864,05;1102,48;33,66;<LOD;8,43;177,99;34,34;<LOD;93,04;<LOD;300000;1700,01;69,26;<LOD;300000;208320,81;1933,22;<LOD;63,73;<LOD;183,42;96845,71;621,9;<LOD;78,12;<LOD;14,56;64,54;8,33;345790,53;6336,81;8,62;4,11;21,72;4,55;<LOD;214,73;<LOD;1,5;<LOD;1,5;<LOD;1,5;148,35;9,12;52,35;7,19;1159,38;32,27;208,99;42,51;127,01;34,84;281,48;54,67;46992,13;203,18;3405,44;98,49;6,61;3,97;2757,77;161,66;<LOD;22;188,23;27,15;224,67;15,2;10,63;1,14;21,63;10,57;41648,42;1691,14;2277,38;721,71;185528,3;1406,15;23294,38;180,61;<LOD;4320,05
133;25.09.2023 15:51;TestAll Geo;330,23;ppm;Final;;;;;;;Juan-Marco Puerta Schardt;<LOD;1,5;108,27;2,73;201,94;3,09;<LOD;4,86;158,82;3,22;5,94;0,73;29,43;3,45;<LOD;1,9;10,74;2,87;<LOD;31,08;<LOD;0,21;155,68;7,89;<LOD;34,78;33,67;8,6;120,31;16,17;<LOD;98,21;42878,13;205,47;626,81;39,78;<LOD;6,94;<LOD;4,18;581710,81;2765,97;16,1;1,59;23,48;1,84;<LOD;48,03;<LOD;1,5;<LOD;1,5;<LOD;1,5;224,4;12,03;135,25;7,44;4580,2;48,52;285,49;23,18;183,36;19,03;624,14;25,51;21859,43;140,45;29095,63;216,5;25,61;2,82;650,57;118,94;35,92;8,9;448,76;16,77;56,48;6,81;<LOD;0,77;38,4;5,93;132638,73;1551,16;1364,81;74,38;165822,48;880,62;6531,38;59,39;<LOD;1689,8
134;25.09.2023 16:00;TestAll Geo;330,47;ppm;Final;;;;;;;Juan-Marco Puerta Schardt;<LOD;1,5;31,41;17,18;170,74;7,83;<LOD;300000;51,25;8,79;<LOD;1119,51;1206,24;42,25;<LOD;11,43;407,91;45,07;<LOD;140,01;<LOD;300000;6947,26;122,22;<LOD;300000;252798,88;2568,45;194,57;48,73;<LOD;56,7;3096,28;95,55;<LOD;73,97;<LOD;21,52;271,47;15,99;397845,72;7696,2;<LOD;7,73;8,42;5,42;<LOD;279,09;<LOD;1,5;<LOD;1,5;<LOD;1,5;39,55;4,07;<LOD;6,47;60,49;14,76;<LOD;82,14;<LOD;69,18;260,38;76,57;16810,53;77,33;1712,57;47,17;<LOD;2,24;1433,71;71,79;<LOD;26,01;84,55;32,78;194,1;18,84;82,76;2,53;<LOD;20,03;14417,16;1770,02;8312,01;934,38;176188,67;1668,57;43949,32;393,09;<LOD;5897,85
135;25.09.2023 16:07;TestAll Geo;330,48;ppm;Final;;;;;;;Juan-Marco Puerta Schardt;<LOD;1,5;163,46;31,01;402,56;13,08;<LOD;300000;33,43;14,76;<LOD;2019,91;4395,43;100,82;<LOD;15,17;744,79;82,23;243,25;99,68;<LOD;300000;36580,73;438,85;<LOD;300000;254292,22;2772,52;169,96;44,54;<LOD;63,22;4684,19;113,65;<LOD;69,59;40,2;11,78;121,26;9,85;377807,28;7069,45;<LOD;11,04;53,44;9,54;<LOD;506,06;<LOD;1,5;<LOD;1,5;<LOD;1,5;<LOD;33,86;8,53;5,4;417,12;19,47;98,37;41,23;55,77;34,25;<LOD;80,37;88569,16;271,97;2881,08;97,37;<LOD;7,75;3145,7;169,78;<LOD;20,49;93,7;25,82;487,59;18,46;439,14;3,99;17,37;10,95;23383,76;1469,33;3321,05;666,86;138233,81;1407,6;11108,23;130,8;<LOD;4656,64
136;26.09.2023 09:09;TestAll Geo;330,51;ppm;Final;;;;;;;Juan-Marco Puerta Schardt;<LOD;1,5;110,01;2,78;200,28;3,14;<LOD;4,89;159,78;3,27;5,11;0,72;27,04;3,44;<LOD;1,93;12,48;2,91;<LOD;31,97;0,42;0,15;147,4;7,88;<LOD;34,86;38,32;8,87;111,14;16,47;<LOD;100,45;42816,59;209,05;595,33;40,05;<LOD;7,01;<LOD;4,03;608552,5;2603,01;16,4;1,62;23,07;1,86;<LOD;47,84;<LOD;1,5;<LOD;1,5;<LOD;1,5;204,76;11,49;133,83;7,28;4545,97;47,89;269,09;23,3;160,06;19,02;616,36;25,54;20858,65;133,96;27850,66;206,94;24,54;2,69;601,89;113,62;28,5;8,9;459,1;16,9;63,14;6,89;<LOD;0,76;35,78;5,89;118107,7;1425,14;1249,25;71,78;155192,22;852,78;6302,72;57,67;<LOD;1643,59
137;26.09.2023 09:19;TestAll Geo;330,62;ppm;Final;;;;;;;Juan-Marco Puerta Schardt;<LOD;1,5;<LOD;171,58;43,1;13,09;<LOD;300000;1278,2;62,72;24023,79;4793,83;3737,69;130,22;<LOD;55,1;365,39;140,86;1292,74;323,25;<LOD;300000;<LOD;199,74;<LOD;300000;210885,23;2610,76;<LOD;258,42;<LOD;195,72;2195,65;253,97;<LOD;349,72;<LOD;124,28;368465,75;786,46;<LOD;1,5;<LOD;45,05;<LOD;35,21;<LOD;1894,22;<LOD;1,5;<LOD;1,5;<LOD;1,5;43,48;3,99;28,52;3,44;707,37;29,47;<LOD;249,63;217,59;139,51;526,11;219,6;13122,47;65,1;9206,53;78,37;<LOD;1,82;1834,83;74,51;<LOD;36,57;<LOD;64,68;<LOD;34,6;226,97;29,68;<LOD;299,01;28723,31;1974,47;3230,28;558,55;71072,8;1094,87;24353,04;349,04;<LOD;6657,87
138;26.09.2023 09:37;TestAll Geo;330,52;ppm;Final;;;;;;;Juan-Marco Puerta Schardt;<LOD;1,5;<LOD;221,35;141,73;10,51;<LOD;300000;3210,7;130,96;103773,45;6007,65;1547,43;72,32;<LOD;39,06;1292,03;108,03;814,99;126,3;<LOD;300000;148,53;44,14;<LOD;300000;39187,66;1356,41;<LOD;119,77;<LOD;95,77;1894,51;155,27;<LOD;174,94;<LOD;64,43;144109,86;319,25;315960,09;16951,5;<LOD;68,6;<LOD;28,96;<LOD;2408,93;<LOD;1,5;<LOD;1,5;<LOD;1,5;<LOD;29,32;11,09;4,38;405,01;19,67;<LOD;156,04;<LOD;129,19;<LOD;204,8;22761,02;78,69;8881,33;72,24;<LOD;2,22;1309,93;64,06;<LOD;22,25;<LOD;41,99;<LOD;18,87;107,8;12,13;<LOD;124,93;27301,64;1456,04;2001,57;425,4;143801,05;3438,02;20383,93;572,24;<LOD;3291,18
139;26.09.2023 09:41;TestAll Geo;3,19;ppm;Final;;;;;;;Juan-Marco Puerta Schardt;<LOD;1,5;<LOD;989,35;158,42;66,44;<LOD;300000;2880,28;573,18;74086,09;24619,07;1683,67;426,95;<LOD;199,09;<LOD;736,52;<LOD;1257,68;<LOD;300000;<LOD;376,68;<LOD;300000;39673,71;6487,61;<LOD;769,34;<LOD;675,83;1588,39;905,44;<LOD;1149,72;<LOD;528,65;213779,48;39592,7;663522,25;57503,72;<LOD;296,45;<LOD;157,87;<LOD;9969,19;<LOD;1,5;<LOD;1,5;<LOD;1,5;<LOD;1652,75;<LOD;1366,61;<LOD;5845,11;;;;;;;;;;;;;;;;;;;;;;;;;;;;;;;;;;
140;26.09.2023 09:47;TestAll Geo;299,66;ppm;Final;;;;;;;Juan-Marco Puerta Schardt;<LOD;1,5;109,41;2,78;198,63;3,12;<LOD;4,91;158,71;3,27;5,52;0,73;27,99;3,47;<LOD;1,99;11,3;2,9;<LOD;32,99;0,38;0,15;150,01;7,96;<LOD;36,4;32,68;8,81;137,83;16,77;<LOD;100,07;42987,83;209,54;614,12;40,33;<LOD;7,04;<LOD;4,23;527702;3399,43;16,2;1,61;23,35;1,87;<LOD;47,85;<LOD;1,5;<LOD;1,5;<LOD;1,5;200,75;11,53;140,92;7,43;4623,18;48,61;270,51;23,56;162,07;19,27;654,21;25,84;21028,26;135,3;28932,8;211,63;25,25;2,71;702,24;117,3;30,89;8,95;478,93;17,12;60,86;6,89;<LOD;0,76;40,53;6,01;165459,47;2019,61;1440;87,39;186472,89;1017,53;6667;68,09;<LOD;2004,97
141;26.09.2023 09:56;TestAll Geo;330,56;ppm;Final;;;;;;;Juan-Marco Puerta Schardt;<LOD;1,5;<LOD;241,85;43,29;12,91;<LOD;300000;2367,39;88,96;53991,88;6402,72;3542,87;124,81;<LOD;61,5;827,79;151,56;1415,79;293,94;<LOD;300000;<LOD;180,62;<LOD;300000;191473,73;2849,19;354,71;160,7;<LOD;177,66;1757,99;228,1;<LOD;320,75;<LOD;120,61;256334,28;539,52;<LOD;1,5;<LOD;64,44;<LOD;42,72;<LOD;2641,54;<LOD;1,5;<LOD;1,5;<LOD;1,5;9,66;4,01;22,71;3,33;450;23,26;<LOD;281,55;<LOD;230,11;<LOD;350,1;9726,54;56,37;10240,71;80,89;<LOD;1,55;1903,2;74,53;<LOD;29,19;<LOD;52,99;<LOD;26,11;119,87;20,29;<LOD;202,75;29005,17;1856,08;1472,81;529,09;98153,42;1761,28;28259,07;510,25;<LOD;6051,2
142;26.09.2023 10:17;TestAll Geo;330,65;ppm;Final;;;;;;;Juan-Marco Puerta Schardt;<LOD;1,5;<LOD;204,94;127,77;10,68;<LOD;300000;3057,9;124,26;88051,35;5344,63;1618,22;77,13;<LOD;41,51;1140,08;103,72;835,78;141,34;<LOD;300000;108,61;49,02;<LOD;300000;46639,98;1612,47;<LOD;133,08;<LOD;104,74;1942,98;166,86;<LOD;196,61;<LOD;70,36;141828,59;343,91;305155,41;17580,97;<LOD;59,94;<LOD;32,37;<LOD;2163,96;<LOD;1,5;<LOD;1,5;<LOD;1,5;<LOD;34,2;20,35;5,23;441,62;22,26;<LOD;182,51;<LOD;153,3;252,18;159,58;16940,72;65,02;7463,31;63,87;<LOD;1,82;1202,59;57,83;<LOD;24,42;<LOD;45,7;<LOD;20,69;105,72;13,06;401,78;92,37;26476,8;1564,78;2584,02;502,36;149576,86;3330,46;23776,36;639,55;<LOD;3940,25
143;26.09.2023 10:40;TestAll Geo;330,15;ppm;Final;;;;;;;Juan-Marco Puerta Schardt;<LOD;1,5;<LOD;33,35;<LOD;8,37;<LOD;300000;<LOD;17,57;<LOD;1449,84;<LOD;34,51;<LOD;21,33;<LOD;41,43;<LOD;252,24;<LOD;300000;<LOD;58,36;<LOD;300000;5678,14;213,18;1590,27;172,01;<LOD;151,41;910,52;198,67;<LOD;292,57;<LOD;88,63;587491,81;1445,11;539675,44;13867,83;<LOD;10,97;<LOD;9,25;<LOD;363,52;<LOD;1,5;<LOD;1,5;<LOD;1,5;36,31;2,56;<LOD;11,33;185,85;19,64;<LOD;192,51;<LOD;160,76;<LOD;249,68;1807,55;103,82;16629,61;80,18;6,94;0,22;2050,13;60,96;<LOD;69,88;<LOD;115,88;1548,34;86,72;294,62;54,34;1374,88;383,18;<LOD;2724,98;<LOD;265,57;12099,99;535,01;66421,69;861,59;<LOD;7893,36
145;26.09.2023 10:56;TestAll Geo;330,05;ppm;Final;;;;;;;Juan-Marco Puerta Schardt;<LOD;1,5;<LOD;837,33;145,81;17,66;<LOD;300000;<LOD;402;<LOD;28816,27;109287,51;5933,4;<LOD;126,55;4227,5;553,81;<LOD;327,11;<LOD;300000;2668,15;143,78;<LOD;300000;239322,36;9638,29;410,28;67,6;<LOD;77,28;2316,01;130,37;<LOD;110,65;80,66;19,83;390,22;22,29;287899,28;15672,98;<LOD;225,88;166,3;83,89;<LOD;7838,02;<LOD;1,5;<LOD;1,5;<LOD;1,5;<LOD;42,41;15,82;6,6;110,08;23,03;<LOD;98,98;<LOD;81,14;<LOD;130,23;93608,47;271,34;1750,57;85,61;<LOD;7,76;24135,65;382,49;182,16;27,64;758,99;52,51;2139,53;49,24;1674,06;11,78;119,37;21,71;25225,85;2588,57;<LOD;2375,62;77265,07;4192,29;38754,43;2329,56;<LOD;6099,99
146;26.09.2023 11:27;TestAll Geo;330,54;ppm;Final;;;;;;;Juan-Marco Puerta Schardt;<LOD;1,5;106,55;2,76;198,86;3,13;<LOD;5,01;159,71;3,28;5,31;0,72;26,82;3,44;<LOD;1,96;12,01;2,89;<LOD;31,4;0,34;0,15;144,59;7,83;<LOD;35,07;31,84;8,74;117,65;16,49;<LOD;100,28;42861,39;209,27;628,38;40,55;<LOD;7,06;<LOD;4,24;517840,81;3129,45;16,81;1,62;25,04;1,89;<LOD;47,66;<LOD;1,5;<LOD;1,5;<LOD;1,5;225,05;11,79;141,2;7,46;4670,79;49,05;279,44;23,57;206,24;19,67;667,84;25,8;20749,76;135,31;29198,71;213,69;24,64;2,71;514,36;113,52;39,64;8,94;463,61;16,92;61,13;6,86;<LOD;0,77;41,12;5,99;171831,97;1825,07;1482,12;75,4;189824,45;936,32;6857,29;61;<LOD;1719,24
147;26.09.2023 11:55;TestAll Geo;330,4;ppm;Final;;;;;;;Juan-Marco Puerta Schardt;<LOD;1,5;420,68;4,41;202,91;3,1;<LOD;3,88;63,61;2,23;4,7;0,67;45,94;3,86;<LOD;1,93;8,8;3,13;<LOD;30,43;<LOD;0,21;71,58;6,03;<LOD;33,71;40,8;8,75;<LOD;28,66;96,12;44,45;23466,69;152,56;307,47;32,24;<LOD;6,99;<LOD;4,03;613022,75;2266,13;38,08;1,87;96,47;2,44;<LOD;41;<LOD;1,5;<LOD;1,5;<LOD;1,5;61,69;7,16;117,87;6,12;5827,02;47,35;340,8;23,95;195,74;19,3;746,65;26,55;2535,84;37,97;7749,85;84,84;<LOD;1,13;341,48;58,77;23,69;8,98;459,62;17,09;53,76;6,88;<LOD;0,77;39,85;6,03;91671,13;1094,24;615,61;59,29;238756,69;1080,96;3656,96;41,3;<LOD;1336,16
148;26.09.2023 12:01;TestAll Geo;330,45;ppm;Final;;;;;;;Juan-Marco Puerta Schardt;<LOD;1,5;370,51;4,41;218,41;3,38;<LOD;4,05;64,43;2,36;4,95;0,71;38,78;3,87;<LOD;2,08;9,16;3,17;<LOD;33,33;0,32;0,15;89,24;6,81;<LOD;36,38;52,29;9,68;72,71;16,75;79,1;48,08;25065,98;165,74;352,64;35,21;<LOD;7,54;<LOD;4,44;607280,56;2417,48;35,77;1,99;131,99;2,91;<LOD;43,31;<LOD;1,5;<LOD;1,5;<LOD;1,5;93,59;7,15;138,67;6,73;5465,26;46,36;385,57;26,08;232,78;21,04;1030,41;29,41;2469,43;37,65;8334,87;87,16;<LOD;1,1;305,16;57,74;39,52;9,5;464,86;17,94;61,32;7,27;<LOD;0,81;37,1;6,26;95302,8;1182,98;382,05;63,02;235745,61;1135,41;3958,63;45,52;<LOD;1432,27
149;26.09.2023 12:23;TestAll Geo;330,18;ppm;Final;;;;;;;Juan-Marco Puerta Schardt;<LOD;1,5;371,55;4,88;312,76;4,35;<LOD;4,6;59,44;2,53;<LOD;201,73;77,93;5,21;<LOD;2,61;9,59;4,2;<LOD;37,79;0,37;0,18;56,3;6,74;<LOD;43,32;83,77;11,84;110,7;19,78;<LOD;80,03;26689,57;185,75;531,46;42,63;<LOD;8,57;<LOD;5,53;587835,63;2751,42;35,71;2,17;132,59;3,18;<LOD;49,15;<LOD;1,5;<LOD;1,5;<LOD;1,5;80,68;5,94;174,05;7,25;3935,43;37,04;470,99;30,91;270,05;24,54;789,95;30,14;2767,07;35,12;8149,79;77,76;<LOD;1,02;302,49;50,67;<LOD;14,7;359,31;18,25;30,66;7,42;<LOD;0,82;24,6;6,4;98799,52;1315,67;620,02;76,67;243820,41;1217,24;4267,54;51,99;<LOD;1704,61
150;26.09.2023 12:39;TestAll Geo;330,57;ppm;Final;;;;;;;Juan-Marco Puerta Schardt;<LOD;1,5;351,81;4,25;324,27;3,93;4,56;2,75;57,48;2,22;<LOD;177,17;57,09;4,17;<LOD;1,93;<LOD;6,83;<LOD;31,83;0,41;0,15;58,03;5,84;<LOD;33,54;67,8;9,32;<LOD;28,23;<LOD;85,99;26276,19;163,82;470,18;36,61;<LOD;6,72;<LOD;3,97;557327,69;2550,77;36,14;1,92;129,76;2,79;<LOD;43,15;<LOD;1,5;<LOD;1,5;<LOD;1,5;157,62;9,02;187,53;7,08;7698,58;57,48;443,41;24,79;259,1;19,79;1080,75;27,27;3560,6;47,9;9543,35;100,91;1,71;0,96;359,5;67,75;40,48;8,72;464,59;16,46;63,15;6,68;<LOD;0,73;40,02;5,79;117270,59;1300,42;712,59;59,66;263099,19;1156,3;2747,85;37,32;<LOD;1403,86
151;26.09.2023 13:04;TestAll Geo;330;ppm;Final;;;;;;;Juan-Marco Puerta Schardt;<LOD;1,5;342,41;4,15;328,83;3,9;<LOD;3,79;41,5;1,94;4,2;0,64;27,1;3,36;<LOD;1,79;4,83;2,69;<LOD;30,64;0,41;0,15;115,79;6,91;<LOD;32,51;45,31;8,67;<LOD;28,44;<LOD;79,77;21792,62;147,09;303,7;32,11;<LOD;6,64;<LOD;3,86;611668,5;2232,42;32,8;1,77;69,52;2,11;<LOD;38,59;<LOD;1,5;<LOD;1,5;<LOD;1,5;104,54;8,42;168,73;6,49;7111,48;53,21;351,67;23,75;205,48;19,19;2010,14;30,84;5566,58;56,39;10377,77;102,68;2,73;1,12;342,34;66,43;37,93;8,54;458,58;16,05;60,05;6,5;<LOD;0,71;31,99;5,52;89414,97;1074,09;331,87;54,14;238078,5;1049,97;3134,93;38,08;<LOD;1296,02
152;26.09.2023 13:11;TestAll Geo;330,49;ppm;Final;;;;;;;Juan-Marco Puerta Schardt;<LOD;1,5;362,7;4,25;288,11;3,69;<LOD;3,8;44,8;2,02;4,52;0,66;32,41;3,53;<LOD;1,72;5,14;2,82;<LOD;29,34;0,33;0,15;121,53;7,11;<LOD;32,46;40,14;8,48;<LOD;28,08;<LOD;84,41;25615,34;160,75;323,43;33,31;<LOD;6,26;<LOD;3,52;590057,19;2289,22;32,38;1,79;72,47;2,18;<LOD;39,95;<LOD;1,5;<LOD;1,5;<LOD;1,5;133,33;9,62;156,95;6,54;7373,63;54,86;320,62;21,87;191,18;17,75;1558,62;27,77;6408,67;66,03;13054,81;123,64;2,5;1,3;362,67;76,15;34,52;8,18;464,64;15,47;54,61;6,21;<LOD;0,69;45,45;5,56;99604,38;1120,73;532,93;51,58;245023,45;1077,07;2786;34,74;<LOD;1278,32
