Reading No;Time;Type;Duration;Units;Sequence;Flags;SAMPLE;LOCATION;INSPECTOR;MISC;NOTE;User Login;Mo;Mo Error;Zr;Zr Error;Sr;Sr Error;U;U Error;Rb;Rb Error;Th;Th Error;Pb;Pb Error;Se;Se Error;As;As Error;Hg;Hg Error;Au;Au Error;Zn;Zn Error;W;W Error;Cu;Cu Error;Ni;Ni Error;Co;Co Error;Fe;Fe Error;Mn;Mn Error;Cr;Cr Error;V;V Error;Ti;Ti Error;Sc;Sc Error;Ca;Ca Error;K;K Error;S;S Error;Ba;Ba Error;Cs;Cs Error;Te;Te Error;Sb;Sb Error;Sn;Sn Error;Cd;Cd Error;Ag;Ag Error;Pd;Pd Error;Ce;Ce Error;La;La Error;Bal;Bal Error;Nb;Nb Error;Y;Y Error;Bi;Bi Error;Re;Re Error;Ta;Ta Error;Hf;Hf Error;Al;Al Error;P;P Error;Si;Si Error;Cl;Cl Error;Mg;Mg Error
1231;01.06.2007 00:07;TestAll Geo;360,36;ppm;Final;;;;;;;Juan-Marco Puerta Schardt;<LOD;1,5;115,17;7,28;206,56;7,86;<LOD;11,46;63,88;3,26;6,98;1,88;22,23;6,02;<LOD;5,23;<LOD;11,02;<LOD;16,43;<LOD;0,57;158,73;19,66;<LOD;85,91;42,29;20,91;58,4;19,7;<LOD;228,61;43286,92;511,13;600,04;97,09;193,27;11,27;262,32;13,79;3434,96;50,29;24,86;2,7;21595,14;134,49;30284,21;223,75;290,33;129,1;396,88;15,38;46,05;7,42;479,66;14,1;62,71;5,69;<LOD;0,63;<LOD;3,08;<LOD;1,82;44,67;5,02;191,04;13,89;119,79;11,65;710937,63;3111,58;12,95;3,16;20,85;4,03;<LOD;129,08;<LOD;1,5;<LOD;1,5;<LOD;1,5;54471,09;828,8;3217,37;144,36;131339,89;1341,05;2303,63;39,37;<LOD;1301,48
1232;01.06.2007 00:24;TestAll Geo;360,44;ppm;Final;;;;;;;Juan-Marco Puerta Schardt;<LOD;1,5;118,63;3,01;208,33;3,24;<LOD;4,98;64,33;1,32;4,81;0,71;15,27;2,27;<LOD;1,77;11,78;2,91;<LOD;30,81;0,32;0,15;156,63;8,07;<LOD;35,06;30,11;8,7;49,49;8,25;<LOD;94,34;43685,7;210,55;632,86;40,49;206,12;11,56;132,14;15,53;4612,01;48,35;25,9;2,76;21703,4;137,24;30793,61;229,42;336,94;133,02;531,24;19,72;38,85;7,36;473,15;14;65,36;5,68;<LOD;0,62;<LOD;4,49;<LOD;2,8;41,97;4,95;273,7;18,62;164,15;15,6;636635,19;2252,29;13,15;1,27;20,42;1,64;<LOD;48,4;<LOD;1,5;<LOD;1,5;<LOD;1,5;75081,83;790,27;4318,17;186,28;167281,5;853,89;2997,38;42,18;<LOD;1757,48
1233;01.06.2007 00:43;TestAll Geo;360,32;ppm;Final;;;;;;;Juan-Marco Puerta Schardt;<LOD;1,5;114,4;2,96;209,84;3,23;<LOD;4,9;64,51;1,32;5,81;0,73;15,07;2,25;<LOD;1,71;14,96;2,94;<LOD;31,21;0,43;0,15;152,61;7,96;<LOD;35,1;<LOD;13,27;46,22;8,15;<LOD;93,79;43443,99;208,72;650,37;40,52;205,98;11,45;128,05;15,47;4671,28;48,49;24,43;2,74;21847,97;136,62;30898,42;228,07;331,68;131,99;562,07;19,8;33,51;7,33;466,84;13,94;60,77;5,65;<LOD;0,63;<LOD;4,51;<LOD;2,82;42,27;4,95;259,68;18,44;171,47;15,62;632168,25;2301,75;13,48;1,28;20,55;1,63;<LOD;49,55;<LOD;1,5;<LOD;1,5;<LOD;1,5;76288,18;803,91;4187,14;186,48;170574,06;857,33;3022,19;42,64;<LOD;1788,78
1234;01.06.2007 00:50;TestAll Geo;360,06;ppm;Final;;;;;;;Juan-Marco Puerta Schardt;<LOD;1,5;289,88;3,98;358,65;4,09;<LOD;3,97;25,63;1;4,64;0,65;7,12;1,97;<LOD;1,5;4,6;2,42;<LOD;28,56;0,41;0,15;75,97;6,28;<LOD;31,76;35,68;8,1;<LOD;25,1;<LOD;68,17;18893,69;135,91;473,25;34,86;39,01;10,01;600,1;16,51;5925,53;47,32;<LOD;3,31;14412,69;104,92;28061,13;192,25;567,15;116,39;1234,27;19,57;<LOD;8,83;384,92;11,04;36;4,48;<LOD;0,49;<LOD;3,72;<LOD;2,18;29,47;3,89;289,76;16,22;188,59;13,67;648846,56;1960,5;26,46;1,38;42,57;1,66;<LOD;41,52;<LOD;1,5;<LOD;1,5;<LOD;1,5;46895,95;532,61;10471,95;208,12;211079,27;924,13;1633,5;30,08;2913,21;1009,3
1235;01.06.2007 00:58;TestAll Geo;360,33;ppm;Final;;;;;;;Juan-Marco Puerta Schardt;<LOD;1,5;271,08;3,81;522,26;4,8;<LOD;3,95;16,78;1;3,77;0,6;<LOD;1,64;<LOD;1,5;7,36;2,18;<LOD;27,16;0,36;0,14;46,89;5,48;<LOD;30,93;39,17;8;<LOD;23,74;<LOD;58,38;13206,31;111,46;277,67;29,66;40,29;9,4;972,78;18,33;7724,35;54,1;4,21;1,75;10668,12;82,47;22445,77;156,63;528,11;97,57;1631,97;21,17;<LOD;8,83;361,46;11,06;32,81;4,52;<LOD;0,5;<LOD;3,76;<LOD;2,21;27,14;3,91;240;15,86;147,93;13,37;661832,06;1816,53;26,28;1,34;46,54;1,62;<LOD;39,53;<LOD;1,5;<LOD;1,5;<LOD;1,5;46556,54;510,46;1486,29;131,48;221515,38;951,2;1774,28;30,51;<LOD;1327,67
1236;01.06.2007 01:13;TestAll Geo;300,15;ppm;Final;;;;;;;Juan-Marco Puerta Schardt;<LOD;1,5;273,56;3,82;519,26;4,79;<LOD;3,95;17,51;1;3,34;0,59;4,31;1,83;<LOD;1,5;<LOD;5,28;<LOD;27,71;0,36;0,14;48,12;5,52;<LOD;31,58;38,54;8,01;<LOD;23,93;<LOD;58,57;13285,95;111,95;290,19;29,94;49,82;11,63;952,47;22,25;7719,07;61,31;6,22;2,16;10584,69;95;22522,14;193,5;557,73;121,17;1517,5;25,9;<LOD;10,8;356,94;13,55;27,45;5,5;<LOD;0,61;<LOD;4,77;<LOD;2,89;27,77;4,82;240,23;19,52;146,22;16,45;660304,94;1814,93;26,57;1,35;46,37;1,63;<LOD;38,95;<LOD;1,5;<LOD;1,5;<LOD;1,5;47139,39;511,08;1379,44;129,35;222587,72;951,37;1783,08;30,34;<LOD;1315,14
1237;01.06.2007 01:19;TestAll Geo;300,53;ppm;Final;;;;;;;Juan-Marco Puerta Schardt;<LOD;1,5;257,95;3,95;728,93;5,7;<LOD;4,18;14,53;1;4,29;0,63;3,79;1,82;<LOD;1,5;5,4;2,31;<LOD;27,45;0,32;0,14;49,34;5,5;<LOD;31,97;45,37;8,22;<LOD;24,14;<LOD;58,71;13680,9;114,61;349,94;31,81;46,2;12,92;1096,74;23,67;7932,45;63,37;4,64;2,4;10967,49;98,58;24035,82;211,06;560,6;131,43;2382,68;28,68;<LOD;10,96;386,67;13,71;28,85;5,49;<LOD;0,61;<LOD;4,75;<LOD;2,85;31,39;4,87;264,73;19,84;176,17;16,81;648319,38;1865,38;26,17;1,37;47,14;1,64;<LOD;42,67;<LOD;1,5;<LOD;1,5;<LOD;1,5;49978,07;530,73;3119,23;142,37;228045,98;987,92;1314,99;27,29;<LOD;1354,61
1238;01.06.2007 01:28;TestAll Geo;300,54;ppm;Final;;;;;;;Juan-Marco Puerta Schardt;<LOD;1,5;267,14;3,89;529,58;4,94;<LOD;4,12;20,04;1;3,6;0,62;3,97;1,86;<LOD;1,5;4,1;2,29;<LOD;29,45;0,31;0,14;48,22;5,63;<LOD;31,88;29,96;7,98;<LOD;24,31;<LOD;61,14;14032,84;117,37;291,63;30,68;20,74;11,27;698,05;20,65;7033,35;58,73;3,16;2,09;9742,98;93,04;29243,97;222,18;495,34;125,32;1403,83;25,36;<LOD;11,01;371,87;13,79;35;5,62;<LOD;0,63;<LOD;4,86;<LOD;3,04;31,93;4,94;248,2;19,62;163,38;16,63;649682,56;1876,89;26,59;1,37;42,06;1,62;<LOD;40,67;<LOD;1,5;<LOD;1,5;<LOD;1,5;50427,01;535,13;2748,81;142,11;223507,31;956,39;1068,8;26,55;<LOD;1335,09
1239;01.06.2007 01:47;TestAll Geo;300,3;ppm;Final;;;;;;;Juan-Marco Puerta Schardt;<LOD;1,5;293,05;3,89;356,2;4;<LOD;3,77;18,14;1;4,32;0,62;11,29;2,04;<LOD;1,5;<LOD;5,93;<LOD;28,4;0,32;0,14;69,29;6,07;<LOD;31,62;<LOD;12,11;<LOD;24,79;<LOD;64,51;16508,39;124,77;316,15;30,84;21,08;9,28;52,96;17,31;6920,61;57,24;<LOD;2,38;8342,28;83,83;20844,7;172,29;378,29;101,49;1525,41;27,47;<LOD;11,57;344,46;14,56;23,77;5,92;<LOD;0,66;<LOD;5,13;<LOD;3,18;30,4;5,26;220,84;20,45;131,21;17,23;673150,25;1798,62;28,41;1,39;60,03;1,79;<LOD;39,36;<LOD;1,5;<LOD;1,5;<LOD;1,5;47698,35;516,23;1854,03;139,19;207245,77;928,17;1684,85;30,23;<LOD;1334,76
1240;01.06.2007 01:52;TestAll Geo;300,02;ppm;Final;;;;;;;Juan-Marco Puerta Schardt;<LOD;1,5;311;3,94;286,18;3,6;<LOD;3,61;19,06;1;4,32;0,62;9,83;2;<LOD;1,5;<LOD;6,28;<LOD;29,05;0,39;0,14;69,56;5,63;<LOD;30,44;<LOD;12,34;<LOD;25,06;<LOD;62,86;15202,74;119,72;306,01;30,42;<LOD;12,76;54,38;15,04;5922,92;50,53;<LOD;1,96;5760,91;66,85;19252,32;160,51;235,75;90,81;1533,2;27,71;30,96;8,47;456,41;15,96;59,33;6,47;<LOD;0,71;<LOD;5,23;<LOD;3,21;38,31;5,62;283,13;21,39;174,89;17,96;703228,69;1636,39;28,3;1,37;49,57;1,68;<LOD;38,42;<LOD;1,5;<LOD;1,5;<LOD;1,5;44037,76;464,29;541,55;117,03;189665,88;878,59;1702,08;28,32;<LOD;1182,36
1241;01.06.2007 01:59;TestAll Geo;300,01;ppm;Final;;;;;;;Juan-Marco Puerta Schardt;<LOD;1,5;662,05;6,28;476,48;4,99;<LOD;4,37;19,43;1;4,59;0,7;9,09;2,14;<LOD;1,72;5,12;2,74;<LOD;31,04;0,42;0,16;70,53;6,43;<LOD;35,68;<LOD;13,8;36,94;8,42;<LOD;78,74;25261,95;166,4;388,87;36,54;43,17;10,61;89,02;20,12;6111,32;57,17;<LOD;5,74;49038,37;199,9;19797,81;190,84;900,31;146;1586,45;29,47;<LOD;13,12;435,44;16,57;49,1;6,68;<LOD;0,74;<LOD;5,43;<LOD;3,37;35,07;5,82;264,65;22,28;163,53;18,75;679672,69;1963,76;28,84;1,51;66,01;2;<LOD;44,78;<LOD;1,5;<LOD;1,5;<LOD;1,5;35145,1;500;11274,01;239,53;164748,36;851,53;2341,94;37,4;<LOD;1678,76
1242;01.06.2007 02:10;TestAll Geo;300,57;ppm;Final;;;;;;;Juan-Marco Puerta Schardt;<LOD;1,5;200,91;3,46;211,39;3,2;<LOD;4,17;36,39;1,01;4,05;0,64;7,67;1,98;<LOD;1,55;<LOD;3,61;<LOD;30,38;0,22;0,14;104,79;6,91;<LOD;33,4;37,96;8,48;38,77;7,9;<LOD;95,43;46220,45;212,72;1016,43;45,89;195,01;15,85;634,69;26,38;6600,1;68,02;<LOD;5,03;16135,85;149,94;47431,94;367,2;1163,45;213,97;631,59;22,74;<LOD;11,85;382,96;14,94;32,16;6,04;<LOD;0,68;<LOD;5,24;<LOD;3,26;43,67;5,55;253,72;20,84;148,42;17,44;581326,81;2292,06;14,24;1,25;32,53;1,6;<LOD;42,56;<LOD;1,5;<LOD;1,5;<LOD;1,5;40471,28;567,3;39472,57;402,71;208622,7;895,43;1792,87;35,42;<LOD;2004,1
1243;01.06.2007 02:25;TestAll Geo;300,58;ppm;Final;;;;;;;Juan-Marco Puerta Schardt;<LOD;1,5;200,32;3,42;214,64;3,23;<LOD;4,18;35,55;1;3,43;0,62;6,58;1,94;<LOD;1,52;<LOD;6,15;<LOD;29,92;0,48;0,15;101,64;6,87;<LOD;33,73;32,67;8,32;<LOD;26,05;<LOD;92,91;41713,5;202,63;979,87;45,23;163,61;15,13;640,55;24,86;5928,83;62,34;<LOD;5,59;21378,4;170,16;46342,25;352,92;1447,82;216,58;674,84;23,03;<LOD;12,25;438,33;15,48;55,8;6,3;<LOD;0,7;<LOD;5,17;<LOD;3,26;38,95;5,5;275,91;21,15;177,6;17,84;576295,56;2340,03;15,33;1,25;30,26;1,57;<LOD;40,83;<LOD;1,5;<LOD;1,5;<LOD;1,5;36244,34;545,66;51409;460,43;206123,06;871,57;1973,08;36,79;<LOD;2081,02
1244;01.06.2007 02:34;TestAll Geo;300,38;ppm;Final;;;;;;;Juan-Marco Puerta Schardt;<LOD;1,5;224,51;3,63;217,56;3,28;<LOD;4,15;34,98;1,01;4,24;0,65;7,12;1,99;<LOD;1,57;3,82;2,45;<LOD;30,78;0,33;0,15;99,65;6,87;<LOD;34,09;30,65;8,39;46,78;8,06;<LOD;93,95;42013,77;205,31;1098,89;47,52;202,31;16,22;663,35;26,26;6446,92;67,05;<LOD;6,05;23044,89;181,97;49813,91;378,45;2040,63;243,68;641,18;22,84;<LOD;12,07;429,53;15,23;52,33;6,2;<LOD;0,67;<LOD;5,24;<LOD;3,21;37,31;5,41;291,16;21,29;183,68;17,9;557000,38;2498,05;14,01;1,26;35,02;1,64;<LOD;42,93;<LOD;1,5;<LOD;1,5;<LOD;1,5;37732,02;572,41;59745,05;501,1;204995,61;864,09;2832,43;41,98;4368,54;1489,29
1245;01.06.2007 02:42;TestAll Geo;300,13;ppm;Final;;;;;;;Juan-Marco Puerta Schardt;<LOD;1,5;233,76;3,89;213,23;3,44;<LOD;4,47;35,2;1,07;3,84;0,68;9,78;2,19;<LOD;1,89;<LOD;6,61;<LOD;32,11;0,23;0,15;73,23;6,79;<LOD;35,64;<LOD;14,41;37,46;8,83;<LOD;103,63;50053,78;236,8;766,15;45,52;63,38;9,44;56,79;14,69;5289,67;55,55;<LOD;2,04;5026,76;71,63;15918,53;169,19;<LOD;148,52;635,33;26,61;69,61;10,15;490,26;19,14;68,96;7,76;<LOD;0,86;<LOD;6,3;<LOD;4,01;48,25;6,87;299,47;24,94;183,33;20,87;656775,31;1915,78;14,66;1,34;26,8;1,64;<LOD;45,25;<LOD;1,5;<LOD;1,5;<LOD;1,5;33318,91;463,61;532,18;139,96;215461,09;976,95;1798,24;33,22;<LOD;1549,25
1246;01.06.2007 02:49;TestAll Geo;300,12;ppm;Final;;;;;;;Juan-Marco Puerta Schardt;<LOD;1,5;234,04;3,93;340,45;4,23;<LOD;4,58;35,77;1,07;4,03;0,68;7,93;2,12;<LOD;1,82;<LOD;6,27;<LOD;31,61;0,47;0,16;137,07;7,9;<LOD;34,98;<LOD;13;42,43;8,37;<LOD;95,4;39778,16;208,23;809,64;44,83;39,03;11,64;49,98;18,32;4841,89;52,49;<LOD;6,21;32055,15;208,81;21657,45;226,23;495,24;158,18;762,45;24,07;107,01;9,15;522,88;17,19;83,92;7;1,27;0,52;<LOD;5,37;<LOD;3,27;54,76;6,2;333,88;22,26;223,52;18,75;589421,06;2168,73;14,4;1,32;26,69;1,61;<LOD;45,72;<LOD;1,5;<LOD;1,5;<LOD;1,5;34345,4;487,11;56434,06;455,99;208403,66;871,48;2550,08;35,42;<LOD;1790,13
1247;01.06.2007 03:45;TestAll Geo;0,39;ppm;Final;;;;;;;Juan-Marco Puerta Schardt;<LOD;1,5;<LOD;54,68;<LOD;1366,91;<LOD;300000;<LOD;17,11;<LOD;698,85;<LOD;80,55;<LOD;45,55;<LOD;98,77;<LOD;35931,13;<LOD;300000;<LOD;490,02;<LOD;300000;<LOD;1147,97;<LOD;20787,08;<LOD;22597,16;<LOD;41579,39;<LOD;1677,95;<LOD;4107,68;<LOD;9018,8;<LOD;25192,52;;;;;;;;;;;;;;;;;;;<LOD;2899,35;<LOD;2611,73;;;;;;;973265,06;43548,8;<LOD;88,76;<LOD;35,16;205,17;130,62;<LOD;1,5;<LOD;1,5;<LOD;1,5;;;;;;;;;;
1248;01.06.2007 03:51;TestAll Geo;300,59;ppm;Final;;;;;;;Juan-Marco Puerta Schardt;<LOD;1,5;213,08;3,98;201,42;3,56;<LOD;4,64;34,47;1,12;3,77;0,71;6,04;2,19;<LOD;2,13;<LOD;6,92;<LOD;35,22;0,39;0,17;66,29;7,13;<LOD;40,5;18,37;10,23;33,67;9,73;<LOD;109,03;47086,67;244,25;688,92;46,76;66,4;7,88;34,09;11,61;3151,22;45,34;<LOD;1,62;3911,83;56,78;12443,91;135,55;<LOD;121,47;653,59;29,48;86,02;11,35;515,88;21,48;74,4;8,66;<LOD;0,97;<LOD;6,98;<LOD;4,5;45,11;7,55;289,18;27,42;188,08;23,14;694600,38;1881,34;14,71;1,42;26,01;1,72;<LOD;47,48;<LOD;1,5;<LOD;1,5;<LOD;1,5;25322,76;409,94;<LOD;221,91;188995,59;943,95;2226,36;37,32;<LOD;1574,8
1249;01.06.2007 04:03;TestAll Geo;300,35;ppm;Final;;;;;;;Juan-Marco Puerta Schardt;<LOD;1,5;121,46;3,23;260,15;3,82;<LOD;4,3;29,74;1,01;3,57;0,66;5,18;2,04;<LOD;1,86;4,71;2,56;<LOD;32,81;0,26;0,15;92,64;7,3;<LOD;38;33,1;9,71;20,73;8,89;<LOD;108,86;54214,32;249,52;677,03;44,78;121,54;11,63;81,79;17,8;4836,81;59,65;5,95;2,74;18119,7;140,88;20137,45;213,61;283,81;135,53;610,58;26,55;<LOD;14,04;402,48;17,97;44,22;7,33;<LOD;0,81;<LOD;6,26;<LOD;4,14;36,7;6,46;208,3;23,91;146,64;20,47;645535,94;2163,2;11,14;1,31;30,98;1,67;<LOD;45,23;<LOD;1,5;<LOD;1,5;<LOD;1,5;34902,54;521,92;10661,56;244,37;191060,84;913,66;1993,22;37,83;<LOD;1919,73
1250;01.06.2007 04:10;TestAll Geo;300,55;ppm;Final;;;;;;;Juan-Marco Puerta Schardt;<LOD;1,5;98,99;2,99;253,8;3,58;<LOD;4,37;39,84;1,07;3,39;0,63;3,76;1,89;<LOD;1,64;3,88;2,35;<LOD;30,58;0,36;0,15;78,3;6,58;<LOD;35,36;30,09;8,86;12,13;8,06;<LOD;101,22;50095,17;227,3;491,06;38,72;105,54;11,92;70,57;17,78;4275,5;53,45;<LOD;3,83;15321,36;139,8;46518,92;319,59;892,71;172,83;698,45;25,33;<LOD;13,18;371,51;16,85;34,14;6,87;<LOD;0,76;<LOD;5,8;<LOD;3,74;32,24;6,06;186,17;22,03;125,7;18,82;615812,5;2164,67;11,87;1,25;25,34;1,57;<LOD;43,51;<LOD;1,5;<LOD;1,5;<LOD;1,5;34342,48;515,99;11542,88;246,09;198134,05;901,29;2947,94;42,04;<LOD;1918,91
1251;01.06.2007 04:18;TestAll Geo;300,51;ppm;Final;;;;;;;Juan-Marco Puerta Schardt;<LOD;1,5;90,96;2,87;240,34;3,56;<LOD;4,12;28,96;1;2,73;0,61;3,82;1,93;<LOD;1,78;<LOD;5,85;<LOD;32,77;0,43;0,16;78,04;6,76;<LOD;35,59;33,68;9,17;26,64;8,41;<LOD;99,92;45068,88;219,96;601,54;41,14;122,34;12,02;75,08;18,82;4578,84;56,6;<LOD;4,32;20461,76;150,56;22948,13;228,29;766,82;154,66;720,74;26,59;14,13;9,4;446,75;17,87;60,06;7,3;<LOD;0,8;<LOD;6,2;<LOD;3,96;41,16;6,39;250,28;23,89;152,64;20,11;639169,44;2124,02;10,78;1,25;26,05;1,54;<LOD;40,67;<LOD;1,5;<LOD;1,5;<LOD;1,5;31662,18;488,91;15517,16;274,74;199781,33;910,24;2156,77;37,99;<LOD;1860,17
1252;01.06.2007 04:22;TestAll Geo;33,77;ppm;Final;;;;;;;Juan-Marco Puerta Schardt;<LOD;1,5;103,84;5,86;1837,06;47,62;<LOD;300000;44,99;2,18;<LOD;353,21;<LOD;5,82;<LOD;4,53;<LOD;11,73;<LOD;77,02;<LOD;300000;71,94;13,36;<LOD;300000;<LOD;33,68;<LOD;66,43;<LOD;188,31;52645,78;585,76;277,87;88,72;<LOD;177,91;<LOD;371,29;2594,26;539,99;;;;;;;;;;;;;;;;;;;<LOD;15,59;<LOD;14,14;;;;;;;942362,75;833,81;9,45;2,37;23,92;3,05;<LOD;86,08;<LOD;1,5;<LOD;1,5;<LOD;1,5;;;;;;;;;;
1253;01.06.2007 04:27;TestAll Geo;300,51;ppm;Final;;;;;;;Juan-Marco Puerta Schardt;<LOD;1,5;82,89;2,95;260,1;3,78;<LOD;4,55;40,35;1,12;<LOD;182,36;<LOD;2,92;<LOD;1,93;<LOD;6,14;<LOD;32,1;<LOD;0,22;57,77;6,49;<LOD;36,77;25,5;9,44;16,63;8,6;<LOD;101,75;46042,71;227,69;426,02;38,65;33,88;8,43;46,86;11,42;2267,19;42,99;2,48;1,64;9063,17;85,64;13956,69;151,35;<LOD;142,24;455,55;25,51;<LOD;14,15;386,71;18,19;36,02;7,39;<LOD;0,8;<LOD;6,33;<LOD;4,14;33,35;6,52;189,29;23,56;114,73;19,96;759761,44;1605,84;9,7;1,27;22,82;1,6;<LOD;44,35;<LOD;1,5;<LOD;1,5;<LOD;1,5;19135,83;346,23;605,85;147,86;128319,18;728,38;1773,08;33,68;<LOD;1464,1
1254;01.06.2007 04:41;TestAll Geo;300;ppm;Final;;;;;;;Juan-Marco Puerta Schardt;<LOD;1,5;90,61;2,85;282,63;3,7;<LOD;4,4;41,28;1,06;2,56;0,6;4,14;1,87;<LOD;1,62;3,46;2,3;<LOD;29,26;0,33;0,14;61,68;6,11;<LOD;32,85;<LOD;12,92;<LOD;26,78;<LOD;95,22;45222,76;212,03;487,96;37,52;65,06;10,95;76,6;14,99;3553,3;45,58;4,03;2,34;14092,18;122,14;20298,87;207,2;<LOD;182,56;639,75;24,29;<LOD;13,14;377,79;16,44;41,57;6,77;<LOD;0,75;<LOD;5,76;<LOD;3,48;38,31;6,02;241,22;22,06;178,35;18,9;723017,94;1644,95;9,82;1,2;25,03;1,54;<LOD;40,94;<LOD;1,5;<LOD;1,5;<LOD;1,5;24828,26;382,39;3775,99;162,49;150725,05;770,11;1366,3;29,69;<LOD;1445,61
1255;01.06.2007 04:50;TestAll Geo;300,3;ppm;Final;;;;;;;Juan-Marco Puerta Schardt;<LOD;1,5;81,36;3,14;1320,01;23,62;<LOD;300000;39,68;1,21;<LOD;195,13;3,48;2,16;<LOD;2,33;<LOD;7,02;<LOD;37,89;<LOD;300000;57,32;7,21;<LOD;300000;<LOD;17,12;<LOD;33,82;<LOD;109,73;47091,67;329,83;269,85;53,82;35,04;6,81;39,04;8,83;1742,24;33,15;2,1;1,19;5825,65;61,6;10214,63;116,73;<LOD;684,99;493,79;29,73;<LOD;16,08;404,22;20,32;41,95;8,25;<LOD;0,9;<LOD;7,45;<LOD;4,83;34,28;7,24;277,07;28,5;163,73;23,83;768963,38;1747,47;9,56;1,38;21,51;1,72;<LOD;47,42;<LOD;1,5;<LOD;1,5;<LOD;1,5;16996,09;357,87;<LOD;247,64;127277,33;783,86;1381,17;36,47;<LOD;1630,09
1256;01.06.2007 05:00;TestAll Geo;300,24;ppm;Final;;;;;;;Juan-Marco Puerta Schardt;<LOD;1,5;209,7;3,22;175,2;2,82;9,87;2,27;9,66;1;3,35;0,56;8,56;1,92;<LOD;1,5;<LOD;5,68;<LOD;27,03;0,31;0,14;41,07;5,05;<LOD;30,14;38,92;7,89;<LOD;24,67;<LOD;80,64;29728,3;164,55;755,23;38,97;133,97;13,74;242,24;19,59;6242,48;59;<LOD;2,5;3590,91;63,93;26732,54;252,49;<LOD;202,66;295,4;19,88;<LOD;10,66;363,98;13,52;27,75;5,48;<LOD;0,61;<LOD;4,75;<LOD;2,93;29,62;4,82;222,1;18,86;132,91;15,89;587239,56;1950,99;14,21;1,17;28,36;1,35;<LOD;35,59;<LOD;1,5;<LOD;1,5;<LOD;1,5;42338,63;503,57;12629,71;220,97;281440,53;1055,85;677,7;24,74;<LOD;1491,3
1257;01.06.2007 05:07;TestAll Geo;300,43;ppm;Final;;;;;;;Juan-Marco Puerta Schardt;<LOD;1,5;226,57;3,41;198,95;3,04;8,85;2,31;9,57;1;3,99;0,59;6,78;1,89;<LOD;1,5;4,6;2,32;<LOD;27,55;0,28;0,14;28,6;4,82;<LOD;30,57;31,61;7,84;<LOD;24,62;<LOD;82,95;31043,57;170,76;734,23;39,31;136,5;13,99;265,44;20,41;6680,87;61,89;3,28;1,64;3132,47;61,18;28218,8;262,39;<LOD;211,25;443,39;19,93;<LOD;10,82;371,52;13,75;33,64;5,6;<LOD;0,62;<LOD;4,72;<LOD;2,86;35,51;4,99;231,96;18,85;147,67;15,94;598279,94;1957,12;14,52;1,2;29,19;1,39;<LOD;37,08;<LOD;1,5;<LOD;1,5;<LOD;1,5;45220,21;519,8;10094,34;201,85;267579,56;1038,57;533,46;23,79;<LOD;1481,65
1258;01.06.2007 00:28;TestAll Geo;300,17;ppm;Final;;;;;;;Juan-Marco Puerta Schardt;<LOD;1,5;221,9;3,31;180,64;2,86;7,72;2,24;10,34;1;<LOD;149,38;5,52;1,83;<LOD;1,5;5,93;2,28;<LOD;26,65;0,33;0,14;38,39;4,99;<LOD;30,71;38,78;7,91;<LOD;24,47;<LOD;79,96;28872,57;162,28;622,48;36,75;125,63;13,05;210,56;18,91;6177,31;57,85;<LOD;2,31;3313,24;61,04;27205,88;247,15;<LOD;197,45;428,9;20,33;<LOD;10,99;402,67;14,06;38,27;5,68;<LOD;0,62;<LOD;4,84;<LOD;2,99;37,5;5,06;225,56;19,22;150,73;16,36;596299,94;1929,02;14,41;1,18;28,25;1,36;<LOD;36,33;<LOD;1,5;<LOD;1,5;<LOD;1,5;43234,72;503,51;10561,39;204,72;273936,09;1044,04;602,07;24,14;<LOD;1461,88
1259;01.06.2007 00:33;TestAll Geo;300,53;ppm;Final;;;;;;;Juan-Marco Puerta Schardt;<LOD;1,5;216,66;3,5;260,11;3,55;7,72;2,44;10,58;1;3,6;0,6;6,8;1,94;<LOD;1,51;7,36;2,48;<LOD;28,87;<LOD;0,21;17,81;4,98;<LOD;31,4;60,65;8,9;37,48;7,79;<LOD;93,09;43270,98;207,81;2010,64;58,83;138,67;13,54;266,64;18,67;4770,04;51,5;<LOD;2,72;4531,83;72,05;27330,42;258,25;<LOD;208,69;586,53;22,21;50,51;8,45;479,9;16,01;64,86;6,48;<LOD;0,71;<LOD;5,06;<LOD;3,13;42,22;5,65;292,13;20,93;190,5;17,63;644719,44;1782,81;14,03;1,23;31,46;1,46;<LOD;39,27;<LOD;1,5;<LOD;1,5;<LOD;1,5;32347,01;421,98;16146,39;233,61;215675,19;907,82;600,22;22,99;<LOD;1402,68
1260;01.06.2007 00:39;TestAll Geo;300,03;ppm;Final;;;;;;;Juan-Marco Puerta Schardt;<LOD;1,5;221,46;3,62;262,21;3,66;9,88;2,56;10,65;1;3,88;0,63;7,75;2,03;<LOD;1,64;6,24;2,57;<LOD;30,28;0,36;0,15;19,24;5,2;<LOD;33,63;71,37;9,53;<LOD;27,49;<LOD;94,72;40684,41;206,73;2109,06;61,36;89,9;11,29;87,64;16,48;4497,28;49,51;3,55;1,52;4226,91;68,4;21871,99;212,68;<LOD;171,89;581,27;23,35;20,65;8,59;448,25;16,3;58,75;6,64;<LOD;0,73;<LOD;5,46;<LOD;3,36;42,44;5,84;289,43;22,06;172,31;18,44;639552,75;1862,45;14,22;1,27;31,73;1,5;<LOD;40,2;<LOD;1,5;<LOD;1,5;<LOD;1,5;31813,3;428,96;15078,31;236,13;227146,61;1015,98;660,68;24,65;<LOD;1457,7
1261;01.06.2007 00:50;TestAll Geo;300,42;ppm;Final;;;;;;;Juan-Marco Puerta Schardt;<LOD;1,5;251,57;3,65;233,8;3,35;5,62;2,37;11,06;1;3,57;0,6;9,14;2;<LOD;1,51;5,52;2,52;<LOD;28,9;0,3;0,14;14,67;4,9;<LOD;31,87;63,32;8,97;<LOD;25,61;<LOD;89,81;39082,68;195,86;1198,9;47,85;130,24;12,5;85,16;18,62;5439,44;55,72;<LOD;2,31;3892,19;67,73;24420,44;232,67;<LOD;188,04;489,85;22,08;<LOD;12,07;411,08;15,43;42,62;6,26;<LOD;0,69;<LOD;5,28;<LOD;3,23;41,01;5,6;237,33;20,73;143,23;17,45;636419,13;1848,97;14,95;1,24;31,18;1,45;<LOD;38,33;<LOD;1,5;<LOD;1,5;<LOD;1,5;37214,44;463,49;13066,21;222,76;226787,28;946,61;959,63;26,35;<LOD;1453,14
1262;01.06.2007 00:59;TestAll Geo;300,1;ppm;Final;;;;;;;Juan-Marco Puerta Schardt;<LOD;1,5;119,42;3,02;210,95;3,26;<LOD;4,95;63,52;1,32;5,42;0,72;14,44;2,24;<LOD;1,67;13,5;2,9;<LOD;30,65;0,3;0,15;152,94;8,01;<LOD;35,08;<LOD;13,3;51,59;8,19;<LOD;93,7;43692,08;210,56;608,96;40,04;208,51;14,37;132,58;19,34;4603,43;56,99;25,39;3,44;19404,68;167,8;31489,38;285,74;392,34;167,18;540,16;23,82;29,84;8,83;455,47;16,74;57,22;6,77;<LOD;0,75;<LOD;5,61;<LOD;3,58;45,3;6,04;265,13;22,42;174,51;18,98;617961,75;2355,31;12,79;1,27;21,86;1,65;<LOD;48,98;<LOD;1,5;<LOD;1,5;<LOD;1,5;83070,59;851,13;4552,9;189,42;177779,3;884,08;3034,91;42,68;<LOD;1786,55
